query_number,query,results,status,exec_time_ms,enum_time_ms
1,MATCH p=shortestPath((:Entity{id:'Q10281806'})-[:P131*0..]->(x1)) RETURN p LIMIT 100000,0,TIMEOUT,-1,-1
2,MATCH p=shortestPath((:Entity{id:'Q11193'})-[:P279*0..]->(x1)) RETURN p LIMIT 100000,0,TIMEOUT,-1,-1
3,MATCH p=shortestPath((:Entity{id:'Q111'})-[:P31]->()-[:P279*0..1]->()-[:P279*0..1]->()-[:P279*0..1]->()-[:P279*0..1]->()-[:P279*0..1]->()-[:P279*0..1]->(x1)) RETURN p LIMIT 100000,0,TIMEOUT,-1,-1
4,MATCH p=shortestPath((:Entity{id:'Q111'})-[:P31]->()-[:P279]->()-[:P279*1..]->(x1)) RETURN p LIMIT 100000,0,TIMEOUT,-1,-1
5,MATCH p=shortestPath((:Entity{id:'Q111'})-[:P31]->()-[:P279*0..]->(x1)) RETURN p LIMIT 100000,0,TIMEOUT,-1,-1
6,MATCH p=shortestPath((:Entity{id:'Q111'})-[:P31]->()-[:P279*1..]->(x1)) RETURN p LIMIT 100000,0,TIMEOUT,-1,-1
8,MATCH p=shortestPath((:Entity{id:'Q118146'})-[:P131*0..]->(x1)) RETURN p LIMIT 100000,0,TIMEOUT,-1,-1
9,MATCH p=shortestPath((:Entity{id:'Q11941017'})-[:P131*0..]->(x1)) RETURN p LIMIT 100000,0,TIMEOUT,-1,-1
10,MATCH p=shortestPath((:Entity{id:'Q1236511'})-[:P31]->()-[:P279*0..]->(x1)) RETURN p LIMIT 100000,0,TIMEOUT,-1,-1
11,MATCH p=shortestPath((:Entity{id:'Q13442814'})<-[:P31]-(x1)) RETURN p LIMIT 100000,0,TIMEOUT,-1,-1
12,MATCH p=shortestPath((:Entity{id:'Q1367808'})-[:P131*0..]->(x1)) RETURN p LIMIT 100000,0,TIMEOUT,-1,-1
13,MATCH p=shortestPath((:Entity{id:'Q1502481'})-[:P131*0..]->(x1)) RETURN p LIMIT 100000,0,TIMEOUT,-1,-1
14,MATCH p=shortestPath((:Entity{id:'Q1549583'})-[:P131*0..]->(x1)) RETURN p LIMIT 100000,0,TIMEOUT,-1,-1
15,MATCH p=shortestPath((:Entity{id:'Q15850691'})-[:P131*0..]->(x1)) RETURN p LIMIT 100000,0,TIMEOUT,-1,-1
16,MATCH p=shortestPath((:Entity{id:'Q1625526'})-[:P131*0..]->(x1)) RETURN p LIMIT 100000,0,TIMEOUT,-1,-1
17,MATCH p=shortestPath((:Entity{id:'Q1628288'})-[:P131*0..]->(x1)) RETURN p LIMIT 100000,0,TIMEOUT,-1,-1
18,MATCH p=shortestPath((:Entity{id:'Q1637057'})-[:P131*0..]->(x1)) RETURN p LIMIT 100000,0,TIMEOUT,-1,-1
19,MATCH p=shortestPath((:Entity{id:'Q1644223'})-[:P131*0..]->(x1)) RETURN p LIMIT 100000,0,TIMEOUT,-1,-1
20,MATCH p=shortestPath((:Entity{id:'Q1651871'})-[:P131*0..]->(x1)) RETURN p LIMIT 100000,0,TIMEOUT,-1,-1
21,MATCH p=shortestPath((:Entity{id:'Q1656682'})-[:P279|P31]->()-[:P279|P31*0..]->(x1)) RETURN p LIMIT 100000,0,TIMEOUT,-1,-1
22,MATCH p=shortestPath((:Entity{id:'Q1800276'})-[:P131*0..]->(x1)) RETURN p LIMIT 100000,0,TIMEOUT,-1,-1
23,MATCH p=shortestPath((:Entity{id:'Q18003161'})-[:P131*0..]->(x1)) RETURN p LIMIT 100000,0,TIMEOUT,-1,-1
24,MATCH p=shortestPath((:Entity{id:'Q185230'})-[:P171*0..]->(x1)) RETURN p LIMIT 100000,0,TIMEOUT,-1,-1
25,MATCH p=shortestPath((:Entity{id:'Q1971093'})-[:P131*0..]->(x1)) RETURN p LIMIT 100000,0,TIMEOUT,-1,-1
26,MATCH p=shortestPath((:Entity{id:'Q20202327'})-[:P131*0..]->(x1)) RETURN p LIMIT 100000,0,TIMEOUT,-1,-1
27,MATCH p=shortestPath((:Entity{id:'Q20299171'})-[:P131*0..]->(x1)) RETURN p LIMIT 100000,0,TIMEOUT,-1,-1
28,MATCH p=shortestPath((:Entity{id:'Q20304516'})-[:P131*0..]->(x1)) RETURN p LIMIT 100000,0,TIMEOUT,-1,-1
29,MATCH p=shortestPath((:Entity{id:'Q204756'})-[:P131*0..]->(x1)) RETURN p LIMIT 100000,0,TIMEOUT,-1,-1
30,MATCH p=shortestPath((:Entity{id:'Q217230'})-[:P131*0..]->(x1)) RETURN p LIMIT 100000,0,TIMEOUT,-1,-1
31,MATCH p=shortestPath((:Entity{id:'Q21869377'})-[:P131*0..]->(x1)) RETURN p LIMIT 100000,0,TIMEOUT,-1,-1
32,MATCH p=shortestPath((:Entity{id:'Q2315249'})-[:P131*0..]->(x1)) RETURN p LIMIT 100000,0,TIMEOUT,-1,-1
33,MATCH p=shortestPath((:Entity{id:'Q2321874'})-[:P131*0..]->(x1)) RETURN p LIMIT 100000,0,TIMEOUT,-1,-1
34,MATCH p=shortestPath((:Entity{id:'Q23794244'})-[:P131*0..]->(x1)) RETURN p LIMIT 100000,0,TIMEOUT,-1,-1
35,MATCH p=shortestPath((:Entity{id:'Q23826203'})-[:P131*0..]->(x1)) RETURN p LIMIT 100000,0,TIMEOUT,-1,-1
36,MATCH p=shortestPath((:Entity{id:'Q24192592'})-[:P131*0..]->(x1)) RETURN p LIMIT 100000,0,TIMEOUT,-1,-1
37,MATCH p=shortestPath((:Entity{id:'Q257023'})-[:P131*0..]->(x1)) RETURN p LIMIT 100000,0,TIMEOUT,-1,-1
38,MATCH p=shortestPath((:Entity{id:'Q25930719'})-[:P31|P279*0..]->(x1)) RETURN p LIMIT 100000,0,TIMEOUT,-1,-1
39,MATCH p=shortestPath((:Entity{id:'Q28733563'})-[:P131*0..]->(x1)) RETURN p LIMIT 100000,0,TIMEOUT,-1,-1
40,MATCH p=shortestPath((:Entity{id:'Q28733587'})-[:P131*0..]->(x1)) RETURN p LIMIT 100000,0,TIMEOUT,-1,-1
41,MATCH p=shortestPath((:Entity{id:'Q28733595'})-[:P131*0..]->(x1)) RETURN p LIMIT 100000,0,TIMEOUT,-1,-1
42,MATCH p=shortestPath((:Entity{id:'Q28733811'})-[:P131*0..]->(x1)) RETURN p LIMIT 100000,0,TIMEOUT,-1,-1
43,MATCH p=shortestPath((:Entity{id:'Q28734638'})-[:P131*0..]->(x1)) RETURN p LIMIT 100000,0,TIMEOUT,-1,-1
44,MATCH p=shortestPath((:Entity{id:'Q28734951'})-[:P131*0..]->(x1)) RETURN p LIMIT 100000,0,TIMEOUT,-1,-1
45,MATCH p=shortestPath((:Entity{id:'Q28738934'})-[:P131*0..]->(x1)) RETURN p LIMIT 100000,0,TIMEOUT,-1,-1
46,MATCH p=shortestPath((:Entity{id:'Q28738935'})-[:P131*0..]->(x1)) RETURN p LIMIT 100000,0,TIMEOUT,-1,-1
47,MATCH p=shortestPath((:Entity{id:'Q28738964'})-[:P131*0..]->(x1)) RETURN p LIMIT 100000,0,TIMEOUT,-1,-1
48,MATCH p=shortestPath((:Entity{id:'Q29018634'})-[:P131*0..]->(x1)) RETURN p LIMIT 100000,0,TIMEOUT,-1,-1
49,MATCH p=shortestPath((:Entity{id:'Q29871816'})-[:P131*0..]->(x1)) RETURN p LIMIT 100000,0,TIMEOUT,-1,-1
50,MATCH p=shortestPath((:Entity{id:'Q29872961'})-[:P131*0..]->(x1)) RETURN p LIMIT 100000,0,TIMEOUT,-1,-1
51,MATCH p=shortestPath((:Entity{id:'Q29872979'})-[:P131*0..]->(x1)) RETURN p LIMIT 100000,0,TIMEOUT,-1,-1
52,MATCH p=shortestPath((:Entity{id:'Q29873614'})-[:P131*0..]->(x1)) RETURN p LIMIT 100000,0,TIMEOUT,-1,-1
53,MATCH p=shortestPath((:Entity{id:'Q29873624'})-[:P131*0..]->(x1)) RETURN p LIMIT 100000,0,TIMEOUT,-1,-1
54,MATCH p=shortestPath((:Entity{id:'Q29874692'})-[:P131*0..]->(x1)) RETURN p LIMIT 100000,0,TIMEOUT,-1,-1
55,MATCH p=shortestPath((:Entity{id:'Q29875500'})-[:P131*0..]->(x1)) RETURN p LIMIT 100000,0,TIMEOUT,-1,-1
56,MATCH p=shortestPath((:Entity{id:'Q29875661'})-[:P131*0..]->(x1)) RETURN p LIMIT 100000,0,TIMEOUT,-1,-1
57,MATCH p=shortestPath((:Entity{id:'Q29884672'})-[:P131*0..]->(x1)) RETURN p LIMIT 100000,0,TIMEOUT,-1,-1
58,MATCH p=shortestPath((:Entity{id:'Q2'})-[:P31]->()-[:P279*0..1]->()-[:P279*0..1]->()-[:P279*0..1]->()-[:P279*0..1]->()-[:P279*0..1]->()-[:P279*0..1]->(x1)) RETURN p LIMIT 100000,0,TIMEOUT,-1,-1
59,MATCH p=shortestPath((:Entity{id:'Q2'})-[:P31]->()-[:P279]->()-[:P279*1..]->(x1)) RETURN p LIMIT 100000,0,TIMEOUT,-1,-1
60,MATCH p=shortestPath((:Entity{id:'Q2'})-[:P31]->()-[:P279*0..]->(x1)) RETURN p LIMIT 100000,0,TIMEOUT,-1,-1
61,MATCH p=shortestPath((:Entity{id:'Q2'})-[:P31]->()-[:P279*1..]->(x1)) RETURN p LIMIT 100000,0,TIMEOUT,-1,-1
62,MATCH p=shortestPath((:Entity{id:'Q3044'})-[:P40*0..]->(x1)) RETURN p LIMIT 100000,0,TIMEOUT,-1,-1
63,MATCH p=shortestPath((:Entity{id:'Q3044'})-[:P40]->()-[:P40*0..]->(:Entity{id:'Q8016'})) RETURN p LIMIT 100000,0,TIMEOUT,-1,-1
64,MATCH p=shortestPath((:Entity{id:'Q30'})-[:P31]->()-[:P279*0..]->(x1)) RETURN p LIMIT 100000,0,TIMEOUT,-1,-1
65,MATCH p=shortestPath((:Entity{id:'Q326313'})-[:P131*0..]->(x1)) RETURN p LIMIT 100000,0,TIMEOUT,-1,-1
66,MATCH p=shortestPath((:Entity{id:'Q328046'})-[:P131*0..]->(x1)) RETURN p LIMIT 100000,0,TIMEOUT,-1,-1
68,MATCH p=shortestPath((:Entity{id:'Q34644785'})-[:P131*0..]->(x1)) RETURN p LIMIT 100000,0,TIMEOUT,-1,-1
69,MATCH p=shortestPath((:Entity{id:'Q35001555'})-[:P131*0..]->(x1)) RETURN p LIMIT 100000,0,TIMEOUT,-1,-1
70,MATCH p=shortestPath((:Entity{id:'Q3582579'})-[:P131*0..]->(x1)) RETURN p LIMIT 100000,0,TIMEOUT,-1,-1
71,MATCH p=shortestPath((:Entity{id:'Q38133595'})-[:P131*0..]->(x1)) RETURN p LIMIT 100000,0,TIMEOUT,-1,-1
72,MATCH p=shortestPath((:Entity{id:'Q390192'})<-[:P40]-(x1)) RETURN p LIMIT 100000,0,TIMEOUT,-1,-1
73,MATCH p=shortestPath((:Entity{id:'Q3947'})-[:P279*0..]->(x1)) RETURN p LIMIT 100000,0,TIMEOUT,-1,-1
74,MATCH p=shortestPath((:Entity{id:'Q41259536'})-[:P131*0..]->(x1)) RETURN p LIMIT 100000,0,TIMEOUT,-1,-1
75,MATCH p=shortestPath((:Entity{id:'Q41321217'})-[:P131*0..]->(x1)) RETURN p LIMIT 100000,0,TIMEOUT,-1,-1
76,MATCH p=shortestPath((:Entity{id:'Q41323003'})-[:P131*0..]->(x1)) RETURN p LIMIT 100000,0,TIMEOUT,-1,-1
77,MATCH p=shortestPath((:Entity{id:'Q41353339'})-[:P131*0..]->(x1)) RETURN p LIMIT 100000,0,TIMEOUT,-1,-1
78,MATCH p=shortestPath((:Entity{id:'Q41354164'})-[:P131*0..]->(x1)) RETURN p LIMIT 100000,0,TIMEOUT,-1,-1
79,MATCH p=shortestPath((:Entity{id:'Q41411042'})-[:P131*0..]->(x1)) RETURN p LIMIT 100000,0,TIMEOUT,-1,-1
80,MATCH p=shortestPath((:Entity{id:'Q41417942'})-[:P131*0..]->(x1)) RETURN p LIMIT 100000,0,TIMEOUT,-1,-1
81,MATCH p=shortestPath((:Entity{id:'Q4176'})-[:P31]->()-[:P279]->(:Entity{id:'Q16970'})) RETURN p LIMIT 100000,0,TIMEOUT,-1,-1
82,MATCH p=shortestPath((:Entity{id:'Q4235'})-[:P31]->()-[:P279*0..1]->()-[:P279*0..1]->()-[:P279*0..1]->()-[:P279*0..1]->()-[:P279*0..1]->(x1)) RETURN p LIMIT 100000,0,TIMEOUT,-1,-1
83,MATCH p=shortestPath((:Entity{id:'Q428811'})-[:P131*0..]->(x1)) RETURN p LIMIT 100000,0,TIMEOUT,-1,-1
84,MATCH p=shortestPath((:Entity{id:'Q46'})-[:P31]->()-[:P279*0..]->(x1)) RETURN p LIMIT 100000,0,TIMEOUT,-1,-1
85,MATCH p=shortestPath((:Entity{id:'Q480656'})-[:P131*0..]->(x1)) RETURN p LIMIT 100000,0,TIMEOUT,-1,-1
86,MATCH p=shortestPath((:Entity{id:'Q480801'})-[:P131*0..]->(x1)) RETURN p LIMIT 100000,0,TIMEOUT,-1,-1
87,MATCH p=shortestPath((:Entity{id:'Q481074'})-[:P131*0..]->(x1)) RETURN p LIMIT 100000,0,TIMEOUT,-1,-1
88,MATCH p=shortestPath((:Entity{id:'Q481075'})-[:P131*0..]->(x1)) RETURN p LIMIT 100000,0,TIMEOUT,-1,-1
89,MATCH p=shortestPath((:Entity{id:'Q481120'})-[:P131*0..]->(x1)) RETURN p LIMIT 100000,0,TIMEOUT,-1,-1
90,MATCH p=shortestPath((:Entity{id:'Q518801'})-[:P131*0..]->(x1)) RETURN p LIMIT 100000,0,TIMEOUT,-1,-1
91,MATCH p=shortestPath((:Entity{id:'Q582379'})-[:P131*0..]->(x1)) RETURN p LIMIT 100000,0,TIMEOUT,-1,-1
92,MATCH p=shortestPath((:Entity{id:'Q5964731'})-[:P131*0..]->(x1)) RETURN p LIMIT 100000,0,TIMEOUT,-1,-1
94,MATCH p=shortestPath((:Entity{id:'Q5'})-[:P279|P31]->()-[:P279|P31*0..]->(x1)) RETURN p LIMIT 100000,0,TIMEOUT,-1,-1
95,MATCH p=shortestPath((:Entity{id:'Q5'})-[:P279]->()-[:P279|P31*0..]->(x1)) RETURN p LIMIT 100000,0,TIMEOUT,-1,-1
96,MATCH p=shortestPath((:Entity{id:'Q640191'})-[:P131*0..]->(x1)) RETURN p LIMIT 100000,0,TIMEOUT,-1,-1
97,MATCH p=shortestPath((:Entity{id:'Q64'})-[:P31*0..]->()-[:P279*0..]->(:Entity{id:'Q811430'})) RETURN p LIMIT 100000,0,TIMEOUT,-1,-1
98,MATCH p=shortestPath((:Entity{id:'Q64'})-[:P31]->()-[:P279*0..]->(:Entity{id:'Q811430'})) RETURN p LIMIT 100000,0,TIMEOUT,-1,-1
99,MATCH p=shortestPath((:Entity{id:'Q6661223'})-[:P131*0..]->(x1)) RETURN p LIMIT 100000,0,TIMEOUT,-1,-1
100,MATCH p=shortestPath((:Entity{id:'Q7075'})-[:P279*0..]->(x1)) RETURN p LIMIT 100000,0,TIMEOUT,-1,-1
102,MATCH p=shortestPath((:Entity{id:'Q748955'})<-[:P40]-(x1)) RETURN p LIMIT 100000,0,TIMEOUT,-1,-1
103,MATCH p=shortestPath((:Entity{id:'Q780438'})-[:P131*0..]->(x1)) RETURN p LIMIT 100000,0,TIMEOUT,-1,-1
104,MATCH p=shortestPath((:Entity{id:'Q80484'})-[:P131*1..]->()-[:P17*0..]->(:Entity{id:'Q145'})) RETURN p LIMIT 100000,0,TIMEOUT,-1,-1
105,MATCH p=shortestPath((:Entity{id:'Q80484'})-[:P131*1..]->()-[:P17*1..]->(:Entity{id:'Q145'})) RETURN p LIMIT 100000,0,TIMEOUT,-1,-1
106,MATCH p=shortestPath((:Entity{id:'Q81328'})-[:P31]->()-[:P279*0..1]->()-[:P279*0..1]->()-[:P279*0..1]->()-[:P279*0..1]->()-[:P279*0..1]->(x1)) RETURN p LIMIT 100000,0,TIMEOUT,-1,-1
107,MATCH p=shortestPath((:Entity{id:'Q8255504'})-[:P131*0..]->(x1)) RETURN p LIMIT 100000,0,TIMEOUT,-1,-1
108,MATCH p=shortestPath((:Entity{id:'Q835125'})-[:P31]->()-[:P279*0..]->(x1)) RETURN p LIMIT 100000,0,TIMEOUT,-1,-1
109,MATCH p=shortestPath((:Entity{id:'Q894219'})-[:P131*0..]->(x1)) RETURN p LIMIT 100000,0,TIMEOUT,-1,-1
110,MATCH p=shortestPath((:Entity{id:'Q93633'})-[:P131*0..]->(x1)) RETURN p LIMIT 100000,0,TIMEOUT,-1,-1
111,MATCH p=shortestPath((:Entity{id:'Q939035'})-[:P131*0..]->(x1)) RETURN p LIMIT 100000,0,TIMEOUT,-1,-1
112,MATCH p=shortestPath((:Entity{id:'Q994059'})-[:P131*0..]->(x1)) RETURN p LIMIT 100000,0,TIMEOUT,-1,-1
113,MATCH p=shortestPath((:Entity{id:'Q998351'})-[:P131*0..]->(x1)) RETURN p LIMIT 100000,0,TIMEOUT,-1,-1
116,MATCH p=shortestPath((x1)-[:P171|P273|P75|P76|P77|P70|P71|P74|P89*0..]->(:Entity{id:'Q729'})) RETURN p LIMIT 100000,0,TIMEOUT,-1,-1
120,MATCH p=shortestPath((x1)-[:P131*0..]->()-[:P17*0..1]->()-[:P30*0..1]->()-[:P361*0..1]->(:Entity{id:'Q48'})) RETURN p LIMIT 100000,0,TIMEOUT,-1,-1
124,MATCH p=shortestPath((x1)-[:P106|P39|P31]->()-[:P279*0..]->(:Entity{id:'Q488383'})) RETURN p LIMIT 100000,0,TIMEOUT,-1,-1
125,MATCH p=shortestPath((x1)-[:P106|P39|P31]->()-[:P279*0..]->(:Entity{id:'Q515'})) RETURN p LIMIT 100000,0,TIMEOUT,-1,-1
126,MATCH p=shortestPath((x1)-[:P106|P39|P31]->()-[:P279*0..]->(:Entity{id:'Q5'})) RETURN p LIMIT 100000,0,TIMEOUT,-1,-1
127,MATCH p=shortestPath((x1)-[:P106|P39|P31]->()-[:P279*0..]->(:Entity{id:'Q8502'})) RETURN p LIMIT 100000,0,TIMEOUT,-1,-1
128,MATCH p=shortestPath((x1)-[:P1142*0..]->()-[:P1387*0..]->()-[:P361*0..]->(:Entity{id:'Q7264'})) RETURN p LIMIT 100000,0,TIMEOUT,-1,-1
133,MATCH p=shortestPath((x1)-[:P31|P131*0..]->()-[:P279*0..]->(:Entity{id:'Q618123'})) RETURN p LIMIT 100000,0,TIMEOUT,-1,-1
136,MATCH p=shortestPath((x1)-[:P106]->()-[:P279*0..]->()-[:P279*0..]->(:Entity{id:'Q483501'})) RETURN p LIMIT 100000,0,TIMEOUT,-1,-1
137,MATCH p=shortestPath((x1)-[:P131*0..]->()-[:P17]->(:Entity{id:'Q145'})) RETURN p LIMIT 100000,0,TIMEOUT,-1,-1
138,MATCH p=shortestPath((x1)-[:P131*0..]->()-[:P17]->(:Entity{id:'Q43'})) RETURN p LIMIT 100000,0,TIMEOUT,-1,-1
139,MATCH p=shortestPath((x1)-[:P131*0..]->()<-[:P527]-(:Entity{id:'Q47588'})) RETURN p LIMIT 100000,0,TIMEOUT,-1,-1
140,MATCH p=shortestPath((x1)-[:P131|P276*1..]->(:Entity{id:'Q183'})) RETURN p LIMIT 100000,0,TIMEOUT,-1,-1
141,MATCH p=shortestPath((x1)-[:P136]->()-[:P31*0..1]->()-[:P279*0..]->(:Entity{id:'Q134307'})) RETURN p LIMIT 100000,0,TIMEOUT,-1,-1
145,MATCH p=shortestPath((x1)-[:P17|P131*0..]->(:Entity{id:'Q12709'})) RETURN p LIMIT 100000,0,TIMEOUT,-1,-1
146,MATCH p=shortestPath((x1)-[:P17|P131*0..]->(:Entity{id:'Q37'})) RETURN p LIMIT 100000,0,TIMEOUT,-1,-1
147,MATCH p=shortestPath((x1)-[:P180]->()-[:P31*0..1]->()-[:P279*0..]->(:Entity{id:'Q3314483'})) RETURN p LIMIT 100000,0,TIMEOUT,-1,-1
148,MATCH p=shortestPath((x1)-[:P19]->()-[:P131*0..]->()<-[:P527]-(:Entity{id:'Q47588'})) RETURN p LIMIT 100000,0,TIMEOUT,-1,-1
149,MATCH p=shortestPath((x1)-[:P19|P20|P551]->(:Entity{id:'Q1741'})) RETURN p LIMIT 100000,0,TIMEOUT,-1,-1
150,MATCH p=shortestPath((x1)-[:P19|P20|P551]->(:Entity{id:'Q90'})) RETURN p LIMIT 100000,0,TIMEOUT,-1,-1
154,MATCH p=shortestPath((x1)-[:P276*0..]->()-[:P17*0..]->(:Entity{id:'Q29'})) RETURN p LIMIT 100000,0,TIMEOUT,-1,-1
158,MATCH p=shortestPath((x1)-[:P279|P131*0..]->(:Entity{id:'Q11424'})) RETURN p LIMIT 100000,0,TIMEOUT,-1,-1
159,MATCH p=shortestPath((x1)-[:P279|P131*0..]->(:Entity{id:'Q12280'})) RETURN p LIMIT 100000,0,TIMEOUT,-1,-1
160,MATCH p=shortestPath((x1)-[:P279|P131*0..]->(:Entity{id:'Q13406554'})) RETURN p LIMIT 100000,0,TIMEOUT,-1,-1
161,MATCH p=shortestPath((x1)-[:P279|P131*0..]->(:Entity{id:'Q142'})) RETURN p LIMIT 100000,0,TIMEOUT,-1,-1
162,MATCH p=shortestPath((x1)-[:P279|P131*0..]->(:Entity{id:'Q16'})) RETURN p LIMIT 100000,0,TIMEOUT,-1,-1
163,MATCH p=shortestPath((x1)-[:P279|P131*0..]->(:Entity{id:'Q1726'})) RETURN p LIMIT 100000,0,TIMEOUT,-1,-1
164,MATCH p=shortestPath((x1)-[:P279|P131*0..]->(:Entity{id:'Q18340514'})) RETURN p LIMIT 100000,0,TIMEOUT,-1,-1
165,MATCH p=shortestPath((x1)-[:P279|P131*0..]->(:Entity{id:'Q2055046'})) RETURN p LIMIT 100000,0,TIMEOUT,-1,-1
166,MATCH p=shortestPath((x1)-[:P279|P131*0..]->(:Entity{id:'Q2065736'})) RETURN p LIMIT 100000,0,TIMEOUT,-1,-1
167,MATCH p=shortestPath((x1)-[:P279|P131*0..]->(:Entity{id:'Q2487799'})) RETURN p LIMIT 100000,0,TIMEOUT,-1,-1
168,MATCH p=shortestPath((x1)-[:P279|P131*0..]->(:Entity{id:'Q30'})) RETURN p LIMIT 100000,0,TIMEOUT,-1,-1
169,MATCH p=shortestPath((x1)-[:P279|P131*0..]->(:Entity{id:'Q35120'})) RETURN p LIMIT 100000,0,TIMEOUT,-1,-1
170,MATCH p=shortestPath((x1)-[:P279|P131*0..]->(:Entity{id:'Q36'})) RETURN p LIMIT 100000,0,TIMEOUT,-1,-1
171,MATCH p=shortestPath((x1)-[:P279|P131*0..]->(:Entity{id:'Q3908'})) RETURN p LIMIT 100000,0,TIMEOUT,-1,-1
172,MATCH p=shortestPath((x1)-[:P279|P131*0..]->(:Entity{id:'Q39715'})) RETURN p LIMIT 100000,0,TIMEOUT,-1,-1
173,MATCH p=shortestPath((x1)-[:P279|P131*0..]->(:Entity{id:'Q40840'})) RETURN p LIMIT 100000,0,TIMEOUT,-1,-1
174,MATCH p=shortestPath((x1)-[:P279|P131*0..]->(:Entity{id:'Q456'})) RETURN p LIMIT 100000,0,TIMEOUT,-1,-1
175,MATCH p=shortestPath((x1)-[:P279|P131*0..]->(:Entity{id:'Q476028'})) RETURN p LIMIT 100000,0,TIMEOUT,-1,-1
176,MATCH p=shortestPath((x1)-[:P279|P131*0..]->(:Entity{id:'Q5372'})) RETURN p LIMIT 100000,0,TIMEOUT,-1,-1
177,MATCH p=shortestPath((x1)-[:P279|P131*0..]->(:Entity{id:'Q77141'})) RETURN p LIMIT 100000,0,TIMEOUT,-1,-1
178,MATCH p=shortestPath((x1)-[:P279|P131*0..]->(:Entity{id:'Q7880'})) RETURN p LIMIT 100000,0,TIMEOUT,-1,-1
179,MATCH p=shortestPath((x1)-[:P279|P131*0..]->(:Entity{id:'Q811979'})) RETURN p LIMIT 100000,0,TIMEOUT,-1,-1
180,MATCH p=shortestPath((x1)-[:P279|P131*0..]->(:Entity{id:'Q916475'})) RETURN p LIMIT 100000,0,TIMEOUT,-1,-1
181,MATCH p=shortestPath((x1)-[:P31*0..]->()-[:P279*0..]->(:Entity{id:'Q154'})) RETURN p LIMIT 100000,0,TIMEOUT,-1,-1
182,MATCH p=shortestPath((x1)-[:P31*0..]->()-[:P279*0..]->(:Entity{id:'Q355304'})) RETURN p LIMIT 100000,0,TIMEOUT,-1,-1
183,MATCH p=shortestPath((x1)-[:P31*0..]->()-[:P279*0..]->(:Entity{id:'Q486972'})) RETURN p LIMIT 100000,0,TIMEOUT,-1,-1
184,MATCH p=shortestPath((x1)-[:P31*0..]->()-[:P279*0..]->(:Entity{id:'Q56061'})) RETURN p LIMIT 100000,0,TIMEOUT,-1,-1
185,MATCH p=shortestPath((x1)-[:P31*0..]->()-[:P279*0..]->(:Entity{id:'Q5'})) RETURN p LIMIT 100000,0,TIMEOUT,-1,-1
186,MATCH p=shortestPath((x1)-[:P31*0..]->()-[:P279*0..]->(:Entity{id:'Q618123'})) RETURN p LIMIT 100000,0,TIMEOUT,-1,-1
187,MATCH p=shortestPath((x1)-[:P31*0..]->()-[:P279*0..]->(:Entity{id:'Q931260'})) RETURN p LIMIT 100000,0,TIMEOUT,-1,-1
189,MATCH p=shortestPath((x1)-[:P31*1..]->()-[:P279*1..]->(:Entity{id:'Q7397'})) RETURN p LIMIT 100000,0,TIMEOUT,-1,-1
190,MATCH p=shortestPath((x1)-[:P31*0..1]->()-[:P279*0..]->(:Entity{id:'Q105210'})) RETURN p LIMIT 100000,0,TIMEOUT,-1,-1
191,MATCH p=shortestPath((x1)-[:P31*0..1]->()-[:P279*0..]->(:Entity{id:'Q23397'})) RETURN p LIMIT 100000,0,TIMEOUT,-1,-1
192,MATCH p=shortestPath((x1)-[:P31*0..1]->()-[:P279*0..]->(:Entity{id:'Q47574'})) RETURN p LIMIT 100000,0,TIMEOUT,-1,-1
193,MATCH p=shortestPath((x1)-[:P31*0..1]->()-[:P279*0..]->(:Entity{id:'Q5'})) RETURN p LIMIT 100000,0,TIMEOUT,-1,-1
194,MATCH p=shortestPath((x1)-[:P31*0..1]->()-[:P279*1..]->(:Entity{id:'Q11862829'})) RETURN p LIMIT 100000,0,TIMEOUT,-1,-1
200,MATCH p=shortestPath((x1)-[:P31]->()-[:P31]->()-[:P279*0..]->(:Entity{id:'Q17442446'})) RETURN p LIMIT 100000,0,TIMEOUT,-1,-1
203,MATCH p=shortestPath((x1)-[:P31]->()-[:P31]->()-[:P279]->(:Entity{id:'Q17442446'})) RETURN p LIMIT 100000,0,TIMEOUT,-1,-1
204,MATCH p=shortestPath((x1)-[:P31|P106]->()-[:P279*0..]->(:Entity{id:'Q1062083'})) RETURN p LIMIT 100000,0,TIMEOUT,-1,-1
205,MATCH p=shortestPath((x1)-[:P31|P279*0..]->(:Entity{id:'Q215627'})) RETURN p LIMIT 100000,0,TIMEOUT,-1,-1
206,MATCH p=shortestPath((x1)-[:P31|P279*1..]->(:Entity{id:'Q12737077'})) RETURN p LIMIT 100000,0,TIMEOUT,-1,-1
207,MATCH p=shortestPath((x1)-[:P31|P279*1..]->(:Entity{id:'Q21146257'})) RETURN p LIMIT 100000,0,TIMEOUT,-1,-1
209,MATCH p=shortestPath((x1)-[:P361*0..]->()-[:P131*0..]->(:Entity{id:'Q5061'})) RETURN p LIMIT 100000,0,TIMEOUT,-1,-1
210,MATCH p=shortestPath((x1)-[:P361|P179*0..]->(:Entity{id:'Q83367'})) RETURN p LIMIT 100000,0,TIMEOUT,-1,-1
213,MATCH p=shortestPath((x1)-[:P50]->()-[:P31]->()-[:P279*1..]->(:Entity{id:'Q386724'})) RETURN p LIMIT 100000,0,TIMEOUT,-1,-1
214,MATCH p=shortestPath((x1)<-[:P279]-()<-[:P31]-()-[:P17]->(:Entity{id:'Q183'})) RETURN p LIMIT 100000,0,TIMEOUT,-1,-1
217,MATCH p=shortestPath((x1)-[:P105*0..]->(:Entity{id:'Q7432'})) RETURN p LIMIT 100000,0,TIMEOUT,-1,-1
218,MATCH p=shortestPath((x1)-[:P106*0..]->(:Entity{id:'Q177220'})) RETURN p LIMIT 100000,0,TIMEOUT,-1,-1
219,MATCH p=shortestPath((x1)-[:P106*0..]->(:Entity{id:'Q482980'})) RETURN p LIMIT 100000,0,TIMEOUT,-1,-1
220,MATCH p=shortestPath((x1)-[:P106*0..]->(:Entity{id:'Q82955'})) RETURN p LIMIT 100000,0,TIMEOUT,-1,-1
221,MATCH p=shortestPath((x1)-[:P106]->()-[:P279*0..]->(:Entity{id:'Q1028181'})) RETURN p LIMIT 100000,0,TIMEOUT,-1,-1
222,MATCH p=shortestPath((x1)-[:P106]->()-[:P279*0..]->(:Entity{id:'Q15220429'})) RETURN p LIMIT 100000,0,TIMEOUT,-1,-1
223,MATCH p=shortestPath((x1)-[:P106]->()-[:P279*0..]->(:Entity{id:'Q177220'})) RETURN p LIMIT 100000,0,TIMEOUT,-1,-1
224,MATCH p=shortestPath((x1)-[:P106]->()-[:P279*0..]->(:Entity{id:'Q2066131'})) RETURN p LIMIT 100000,0,TIMEOUT,-1,-1
225,MATCH p=shortestPath((x1)-[:P106]->()-[:P279*0..]->(:Entity{id:'Q3391743'})) RETURN p LIMIT 100000,0,TIMEOUT,-1,-1
226,MATCH p=shortestPath((x1)-[:P106]->()-[:P279*0..]->(:Entity{id:'Q33999'})) RETURN p LIMIT 100000,0,TIMEOUT,-1,-1
227,MATCH p=shortestPath((x1)-[:P106]->()-[:P279*0..]->(:Entity{id:'Q3455803'})) RETURN p LIMIT 100000,0,TIMEOUT,-1,-1
228,MATCH p=shortestPath((x1)-[:P106]->()-[:P279*0..]->(:Entity{id:'Q483501'})) RETURN p LIMIT 100000,0,TIMEOUT,-1,-1
229,MATCH p=shortestPath((x1)-[:P106]->()-[:P279*0..]->(:Entity{id:'Q639669'})) RETURN p LIMIT 100000,0,TIMEOUT,-1,-1
230,MATCH p=shortestPath((x1)-[:P106]->()-[:P279*0..]->(:Entity{id:'Q82594'})) RETURN p LIMIT 100000,0,TIMEOUT,-1,-1
231,MATCH p=shortestPath((x1)-[:P106]->()-[:P279*0..]->(:Entity{id:'Q82955'})) RETURN p LIMIT 100000,0,TIMEOUT,-1,-1
233,MATCH p=shortestPath((x1)-[:P106]->()-[:P279*1..]->(:Entity{id:'Q33999'})) RETURN p LIMIT 100000,0,TIMEOUT,-1,-1
234,MATCH p=shortestPath((x1)-[:P106]->()-[:P279]->(:Entity{id:'Q639669'})) RETURN p LIMIT 100000,0,TIMEOUT,-1,-1
235,MATCH p=shortestPath((x1)-[:P131*0..]->(:Entity{id:'Q1055'})) RETURN p LIMIT 100000,0,TIMEOUT,-1,-1
236,MATCH p=shortestPath((x1)-[:P131*0..]->(:Entity{id:'Q108047'})) RETURN p LIMIT 100000,0,TIMEOUT,-1,-1
237,MATCH p=shortestPath((x1)-[:P131*0..]->(:Entity{id:'Q108053'})) RETURN p LIMIT 100000,0,TIMEOUT,-1,-1
238,MATCH p=shortestPath((x1)-[:P131*0..]->(:Entity{id:'Q108093'})) RETURN p LIMIT 100000,0,TIMEOUT,-1,-1
239,MATCH p=shortestPath((x1)-[:P131*0..]->(:Entity{id:'Q108106'})) RETURN p LIMIT 100000,0,TIMEOUT,-1,-1
240,MATCH p=shortestPath((x1)-[:P131*0..]->(:Entity{id:'Q1196'})) RETURN p LIMIT 100000,0,TIMEOUT,-1,-1
241,MATCH p=shortestPath((x1)-[:P131*0..]->(:Entity{id:'Q1197'})) RETURN p LIMIT 100000,0,TIMEOUT,-1,-1
242,MATCH p=shortestPath((x1)-[:P131*0..]->(:Entity{id:'Q1198'})) RETURN p LIMIT 100000,0,TIMEOUT,-1,-1
243,MATCH p=shortestPath((x1)-[:P131*0..]->(:Entity{id:'Q1202'})) RETURN p LIMIT 100000,0,TIMEOUT,-1,-1
244,MATCH p=shortestPath((x1)-[:P131*0..]->(:Entity{id:'Q12620'})) RETURN p LIMIT 100000,0,TIMEOUT,-1,-1
245,MATCH p=shortestPath((x1)-[:P131*0..]->(:Entity{id:'Q1297'})) RETURN p LIMIT 100000,0,TIMEOUT,-1,-1
246,MATCH p=shortestPath((x1)-[:P131*0..]->(:Entity{id:'Q1356'})) RETURN p LIMIT 100000,0,TIMEOUT,-1,-1
247,MATCH p=shortestPath((x1)-[:P131*0..]->(:Entity{id:'Q13917'})) RETURN p LIMIT 100000,0,TIMEOUT,-1,-1
248,MATCH p=shortestPath((x1)-[:P131*0..]->(:Entity{id:'Q1400'})) RETURN p LIMIT 100000,0,TIMEOUT,-1,-1
249,MATCH p=shortestPath((x1)-[:P131*0..]->(:Entity{id:'Q142'})) RETURN p LIMIT 100000,0,TIMEOUT,-1,-1
250,MATCH p=shortestPath((x1)-[:P131*0..]->(:Entity{id:'Q145'})) RETURN p LIMIT 100000,0,TIMEOUT,-1,-1
251,MATCH p=shortestPath((x1)-[:P131*0..]->(:Entity{id:'Q1492'})) RETURN p LIMIT 100000,0,TIMEOUT,-1,-1
252,MATCH p=shortestPath((x1)-[:P131*0..]->(:Entity{id:'Q168159'})) RETURN p LIMIT 100000,0,TIMEOUT,-1,-1
253,MATCH p=shortestPath((x1)-[:P131*0..]->(:Entity{id:'Q183'})) RETURN p LIMIT 100000,0,TIMEOUT,-1,-1
254,MATCH p=shortestPath((x1)-[:P131*0..]->(:Entity{id:'Q188399'})) RETURN p LIMIT 100000,0,TIMEOUT,-1,-1
255,MATCH p=shortestPath((x1)-[:P131*0..]->(:Entity{id:'Q211'})) RETURN p LIMIT 100000,0,TIMEOUT,-1,-1
256,MATCH p=shortestPath((x1)-[:P131*0..]->(:Entity{id:'Q213'})) RETURN p LIMIT 100000,0,TIMEOUT,-1,-1
257,MATCH p=shortestPath((x1)-[:P131*0..]->(:Entity{id:'Q21'})) RETURN p LIMIT 100000,0,TIMEOUT,-1,-1
258,MATCH p=shortestPath((x1)-[:P131*0..]->(:Entity{id:'Q252320'})) RETURN p LIMIT 100000,0,TIMEOUT,-1,-1
259,MATCH p=shortestPath((x1)-[:P131*0..]->(:Entity{id:'Q252'})) RETURN p LIMIT 100000,0,TIMEOUT,-1,-1
260,MATCH p=shortestPath((x1)-[:P131*0..]->(:Entity{id:'Q25'})) RETURN p LIMIT 100000,0,TIMEOUT,-1,-1
261,MATCH p=shortestPath((x1)-[:P131*0..]->(:Entity{id:'Q263742'})) RETURN p LIMIT 100000,0,TIMEOUT,-1,-1
262,MATCH p=shortestPath((x1)-[:P131*0..]->(:Entity{id:'Q2683'})) RETURN p LIMIT 100000,0,TIMEOUT,-1,-1
263,MATCH p=shortestPath((x1)-[:P131*0..]->(:Entity{id:'Q2807'})) RETURN p LIMIT 100000,0,TIMEOUT,-1,-1
264,MATCH p=shortestPath((x1)-[:P131*0..]->(:Entity{id:'Q28'})) RETURN p LIMIT 100000,0,TIMEOUT,-1,-1
265,MATCH p=shortestPath((x1)-[:P131*0..]->(:Entity{id:'Q29'})) RETURN p LIMIT 100000,0,TIMEOUT,-1,-1
266,MATCH p=shortestPath((x1)-[:P131*0..]->(:Entity{id:'Q30'})) RETURN p LIMIT 100000,0,TIMEOUT,-1,-1
267,MATCH p=shortestPath((x1)-[:P131*0..]->(:Entity{id:'Q340'})) RETURN p LIMIT 100000,0,TIMEOUT,-1,-1
268,MATCH p=shortestPath((x1)-[:P131*0..]->(:Entity{id:'Q39121'})) RETURN p LIMIT 100000,0,TIMEOUT,-1,-1
269,MATCH p=shortestPath((x1)-[:P131*0..]->(:Entity{id:'Q406'})) RETURN p LIMIT 100000,0,TIMEOUT,-1,-1
270,MATCH p=shortestPath((x1)-[:P131*0..]->(:Entity{id:'Q488653'})) RETURN p LIMIT 100000,0,TIMEOUT,-1,-1
271,MATCH p=shortestPath((x1)-[:P131*0..]->(:Entity{id:'Q488701'})) RETURN p LIMIT 100000,0,TIMEOUT,-1,-1
272,MATCH p=shortestPath((x1)-[:P131*0..]->(:Entity{id:'Q501292'})) RETURN p LIMIT 100000,0,TIMEOUT,-1,-1
273,MATCH p=shortestPath((x1)-[:P131*0..]->(:Entity{id:'Q5061'})) RETURN p LIMIT 100000,0,TIMEOUT,-1,-1
274,MATCH p=shortestPath((x1)-[:P131*0..]->(:Entity{id:'Q54939'})) RETURN p LIMIT 100000,0,TIMEOUT,-1,-1
275,MATCH p=shortestPath((x1)-[:P131*0..]->(:Entity{id:'Q55'})) RETURN p LIMIT 100000,0,TIMEOUT,-1,-1
276,MATCH p=shortestPath((x1)-[:P131*0..]->(:Entity{id:'Q5705'})) RETURN p LIMIT 100000,0,TIMEOUT,-1,-1
277,MATCH p=shortestPath((x1)-[:P131*0..]->(:Entity{id:'Q5765'})) RETURN p LIMIT 100000,0,TIMEOUT,-1,-1
278,MATCH p=shortestPath((x1)-[:P131*0..]->(:Entity{id:'Q60'})) RETURN p LIMIT 100000,0,TIMEOUT,-1,-1
279,MATCH p=shortestPath((x1)-[:P131*0..]->(:Entity{id:'Q61'})) RETURN p LIMIT 100000,0,TIMEOUT,-1,-1
280,MATCH p=shortestPath((x1)-[:P131*0..]->(:Entity{id:'Q62'})) RETURN p LIMIT 100000,0,TIMEOUT,-1,-1
281,MATCH p=shortestPath((x1)-[:P131*0..]->(:Entity{id:'Q649'})) RETURN p LIMIT 100000,0,TIMEOUT,-1,-1
282,MATCH p=shortestPath((x1)-[:P131*0..]->(:Entity{id:'Q64'})) RETURN p LIMIT 100000,0,TIMEOUT,-1,-1
283,MATCH p=shortestPath((x1)-[:P131*0..]->(:Entity{id:'Q656'})) RETURN p LIMIT 100000,0,TIMEOUT,-1,-1
284,MATCH p=shortestPath((x1)-[:P131*0..]->(:Entity{id:'Q698162'})) RETURN p LIMIT 100000,0,TIMEOUT,-1,-1
285,MATCH p=shortestPath((x1)-[:P131*0..]->(:Entity{id:'Q801'})) RETURN p LIMIT 100000,0,TIMEOUT,-1,-1
286,MATCH p=shortestPath((x1)-[:P131*0..]->(:Entity{id:'Q812'})) RETURN p LIMIT 100000,0,TIMEOUT,-1,-1
287,MATCH p=shortestPath((x1)-[:P131*0..]->(:Entity{id:'Q84'})) RETURN p LIMIT 100000,0,TIMEOUT,-1,-1
288,MATCH p=shortestPath((x1)-[:P131*0..]->(:Entity{id:'Q90'})) RETURN p LIMIT 100000,0,TIMEOUT,-1,-1
289,MATCH p=shortestPath((x1)-[:P131*0..]->(:Entity{id:'Q9920'})) RETURN p LIMIT 100000,0,TIMEOUT,-1,-1
291,MATCH p=shortestPath((x1)-[:P131*1..]->(:Entity{id:'Q1198'})) RETURN p LIMIT 100000,0,TIMEOUT,-1,-1
292,MATCH p=shortestPath((x1)-[:P131*1..]->(:Entity{id:'Q12543'})) RETURN p LIMIT 100000,0,TIMEOUT,-1,-1
293,MATCH p=shortestPath((x1)-[:P131*1..]->(:Entity{id:'Q12549'})) RETURN p LIMIT 100000,0,TIMEOUT,-1,-1
294,MATCH p=shortestPath((x1)-[:P131*1..]->(:Entity{id:'Q12620'})) RETURN p LIMIT 100000,0,TIMEOUT,-1,-1
295,MATCH p=shortestPath((x1)-[:P131*1..]->(:Entity{id:'Q1400'})) RETURN p LIMIT 100000,0,TIMEOUT,-1,-1
296,MATCH p=shortestPath((x1)-[:P131*1..]->(:Entity{id:'Q142'})) RETURN p LIMIT 100000,0,TIMEOUT,-1,-1
297,MATCH p=shortestPath((x1)-[:P131*1..]->(:Entity{id:'Q1449'})) RETURN p LIMIT 100000,0,TIMEOUT,-1,-1
298,MATCH p=shortestPath((x1)-[:P131*1..]->(:Entity{id:'Q1726'})) RETURN p LIMIT 100000,0,TIMEOUT,-1,-1
299,MATCH p=shortestPath((x1)-[:P131*1..]->(:Entity{id:'Q1741'})) RETURN p LIMIT 100000,0,TIMEOUT,-1,-1
300,MATCH p=shortestPath((x1)-[:P131*1..]->(:Entity{id:'Q176'})) RETURN p LIMIT 100000,0,TIMEOUT,-1,-1
301,MATCH p=shortestPath((x1)-[:P131*1..]->(:Entity{id:'Q1823'})) RETURN p LIMIT 100000,0,TIMEOUT,-1,-1
302,MATCH p=shortestPath((x1)-[:P131*1..]->(:Entity{id:'Q22'})) RETURN p LIMIT 100000,0,TIMEOUT,-1,-1
303,MATCH p=shortestPath((x1)-[:P131*1..]->(:Entity{id:'Q3012'})) RETURN p LIMIT 100000,0,TIMEOUT,-1,-1
304,MATCH p=shortestPath((x1)-[:P131*1..]->(:Entity{id:'Q38'})) RETURN p LIMIT 100000,0,TIMEOUT,-1,-1
305,MATCH p=shortestPath((x1)-[:P131*1..]->(:Entity{id:'Q90'})) RETURN p LIMIT 100000,0,TIMEOUT,-1,-1
306,MATCH p=shortestPath((x1)-[:P131*1..]->(:Entity{id:'Q985'})) RETURN p LIMIT 100000,0,TIMEOUT,-1,-1
309,MATCH p=shortestPath((x1)-[:P131]->()-[:P131*0..]->(:Entity{id:'Q1208'})) RETURN p LIMIT 100000,0,TIMEOUT,-1,-1
310,MATCH p=shortestPath((x1)-[:P131]->()-[:P131*0..]->(:Entity{id:'Q176'})) RETURN p LIMIT 100000,0,TIMEOUT,-1,-1
311,MATCH p=shortestPath((x1)-[:P131]->()-[:P131*0..]->(:Entity{id:'Q183'})) RETURN p LIMIT 100000,0,TIMEOUT,-1,-1
312,MATCH p=shortestPath((x1)-[:P131]->()-[:P131*0..]->(:Entity{id:'Q25'})) RETURN p LIMIT 100000,0,TIMEOUT,-1,-1
313,MATCH p=shortestPath((x1)-[:P131]->()-[:P131*0..]->(:Entity{id:'Q980'})) RETURN p LIMIT 100000,0,TIMEOUT,-1,-1
314,MATCH p=shortestPath((x1)-[:P131]->()-[:P17*0..]->(:Entity{id:'Q34'})) RETURN p LIMIT 100000,0,TIMEOUT,-1,-1
315,MATCH p=shortestPath((x1)-[:P131]->()-[:P31*0..]->(:Entity{id:'Q532'})) RETURN p LIMIT 100000,0,TIMEOUT,-1,-1
316,MATCH p=shortestPath((x1)-[:P131]->()-[:P131]->(:Entity{id:'Q579648'})) RETURN p LIMIT 100000,0,TIMEOUT,-1,-1
318,MATCH p=shortestPath((x1)-[:P138]->()-[:P106]->(:Entity{id:'Q1028181'})) RETURN p LIMIT 100000,0,TIMEOUT,-1,-1
320,MATCH p=shortestPath((x1)-[:P1559*0..]->(:Entity{id:'Q12078'})) RETURN p LIMIT 100000,0,TIMEOUT,-1,-1
323,MATCH p=shortestPath((x1)-[:P166]->()-[:P279*0..]->(:Entity{id:'Q19020'})) RETURN p LIMIT 100000,0,TIMEOUT,-1,-1
324,MATCH p=shortestPath((x1)-[:P166]->()-[:P279*0..]->(:Entity{id:'Q7191'})) RETURN p LIMIT 100000,0,TIMEOUT,-1,-1
325,MATCH p=shortestPath((x1)-[:P171*0..]->(:Entity{id:'Q1390'})) RETURN p LIMIT 100000,0,TIMEOUT,-1,-1
326,MATCH p=shortestPath((x1)-[:P171*0..]->(:Entity{id:'Q183147'})) RETURN p LIMIT 100000,0,TIMEOUT,-1,-1
327,MATCH p=shortestPath((x1)-[:P171*0..]->(:Entity{id:'Q18789'})) RETURN p LIMIT 100000,0,TIMEOUT,-1,-1
328,MATCH p=shortestPath((x1)-[:P171*0..]->(:Entity{id:'Q208221'})) RETURN p LIMIT 100000,0,TIMEOUT,-1,-1
329,MATCH p=shortestPath((x1)-[:P171*0..]->(:Entity{id:'Q211601'})) RETURN p LIMIT 100000,0,TIMEOUT,-1,-1
330,MATCH p=shortestPath((x1)-[:P171*0..]->(:Entity{id:'Q21755'})) RETURN p LIMIT 100000,0,TIMEOUT,-1,-1
331,MATCH p=shortestPath((x1)-[:P171*0..]->(:Entity{id:'Q26375'})) RETURN p LIMIT 100000,0,TIMEOUT,-1,-1
332,MATCH p=shortestPath((x1)-[:P171*0..]->(:Entity{id:'Q26773'})) RETURN p LIMIT 100000,0,TIMEOUT,-1,-1
333,MATCH p=shortestPath((x1)-[:P171*0..]->(:Entity{id:'Q28294'})) RETURN p LIMIT 100000,0,TIMEOUT,-1,-1
334,MATCH p=shortestPath((x1)-[:P171*0..]->(:Entity{id:'Q28319'})) RETURN p LIMIT 100000,0,TIMEOUT,-1,-1
335,MATCH p=shortestPath((x1)-[:P171*0..]->(:Entity{id:'Q28486'})) RETURN p LIMIT 100000,0,TIMEOUT,-1,-1
336,MATCH p=shortestPath((x1)-[:P171*0..]->(:Entity{id:'Q39861'})) RETURN p LIMIT 100000,0,TIMEOUT,-1,-1
337,MATCH p=shortestPath((x1)-[:P171*0..]->(:Entity{id:'Q461021'})) RETURN p LIMIT 100000,0,TIMEOUT,-1,-1
338,MATCH p=shortestPath((x1)-[:P171*0..]->(:Entity{id:'Q729'})) RETURN p LIMIT 100000,0,TIMEOUT,-1,-1
339,MATCH p=shortestPath((x1)-[:P171*0..]->(:Entity{id:'Q756'})) RETURN p LIMIT 100000,0,TIMEOUT,-1,-1
340,MATCH p=shortestPath((x1)-[:P171*0..]->(:Entity{id:'Q829925'})) RETURN p LIMIT 100000,0,TIMEOUT,-1,-1
342,MATCH p=shortestPath((x1)-[:P171*1..]->(:Entity{id:'Q130942'})) RETURN p LIMIT 100000,0,TIMEOUT,-1,-1
343,MATCH p=shortestPath((x1)-[:P171*1..]->(:Entity{id:'Q194240'})) RETURN p LIMIT 100000,0,TIMEOUT,-1,-1
344,MATCH p=shortestPath((x1)-[:P171*1..]->(:Entity{id:'Q25306'})) RETURN p LIMIT 100000,0,TIMEOUT,-1,-1
345,MATCH p=shortestPath((x1)-[:P171*1..]->(:Entity{id:'Q7377'})) RETURN p LIMIT 100000,0,TIMEOUT,-1,-1
346,MATCH p=shortestPath((x1)-[:P171*1..]->(:Entity{id:'Q756'})) RETURN p LIMIT 100000,0,TIMEOUT,-1,-1
348,MATCH p=shortestPath((x1)-[:P171]->()-[:P171]->(:Entity{id:'Q127960'})) RETURN p LIMIT 100000,0,TIMEOUT,-1,-1
350,MATCH p=shortestPath((x1)-[:P17*0..]->(:Entity{id:'Q145'})) RETURN p LIMIT 100000,0,TIMEOUT,-1,-1
351,MATCH p=shortestPath((x1)-[:P17*0..]->(:Entity{id:'Q183'})) RETURN p LIMIT 100000,0,TIMEOUT,-1,-1
353,MATCH p=shortestPath((x1)-[:P17*1..]->(:Entity{id:'Q148'})) RETURN p LIMIT 100000,0,TIMEOUT,-1,-1
354,MATCH p=shortestPath((x1)-[:P17*1..]->(:Entity{id:'Q183'})) RETURN p LIMIT 100000,0,TIMEOUT,-1,-1
355,MATCH p=shortestPath((x1)-[:P17*0..1]->(:Entity{id:'Q29'})) RETURN p LIMIT 100000,0,TIMEOUT,-1,-1
356,MATCH p=shortestPath((x1)-[:P17]->()-[:P31]->(:Entity{id:'Q6256'})) RETURN p LIMIT 100000,0,TIMEOUT,-1,-1
357,MATCH p=shortestPath((x1)-[:P17|P495]->(:Entity{id:'Q30'})) RETURN p LIMIT 100000,0,TIMEOUT,-1,-1
359,MATCH p=shortestPath((x1)-[:P180]->()-[:P279*0..]->(:Entity{id:'Q154'})) RETURN p LIMIT 100000,0,TIMEOUT,-1,-1
360,MATCH p=shortestPath((x1)-[:P19]->()-[:P131*0..]->(:Entity{id:'Q25'})) RETURN p LIMIT 100000,0,TIMEOUT,-1,-1
361,MATCH p=shortestPath((x1)-[:P19]->()-[:P131*0..]->(:Entity{id:'Q33'})) RETURN p LIMIT 100000,0,TIMEOUT,-1,-1
362,MATCH p=shortestPath((x1)-[:P19]->()-[:P131*0..]->(:Entity{id:'Q5813'})) RETURN p LIMIT 100000,0,TIMEOUT,-1,-1
365,MATCH p=shortestPath((x1)-[:P20*0..]->(:Entity{id:'Q513'})) RETURN p LIMIT 100000,0,TIMEOUT,-1,-1
367,MATCH p=shortestPath((x1)-[:P279*0..]->(:Entity{id:'Q116'})) RETURN p LIMIT 100000,0,TIMEOUT,-1,-1
368,MATCH p=shortestPath((x1)-[:P279*0..]->(:Entity{id:'Q11862829'})) RETURN p LIMIT 100000,0,TIMEOUT,-1,-1
369,MATCH p=shortestPath((x1)-[:P279*0..]->(:Entity{id:'Q1190554'})) RETURN p LIMIT 100000,0,TIMEOUT,-1,-1
370,MATCH p=shortestPath((x1)-[:P279*0..]->(:Entity{id:'Q12078'})) RETURN p LIMIT 100000,0,TIMEOUT,-1,-1
371,MATCH p=shortestPath((x1)-[:P279*0..]->(:Entity{id:'Q12136'})) RETURN p LIMIT 100000,0,TIMEOUT,-1,-1
372,MATCH p=shortestPath((x1)-[:P279*0..]->(:Entity{id:'Q12280'})) RETURN p LIMIT 100000,0,TIMEOUT,-1,-1
373,MATCH p=shortestPath((x1)-[:P279*0..]->(:Entity{id:'Q12737077'})) RETURN p LIMIT 100000,0,TIMEOUT,-1,-1
374,MATCH p=shortestPath((x1)-[:P279*0..]->(:Entity{id:'Q13442814'})) RETURN p LIMIT 100000,0,TIMEOUT,-1,-1
375,MATCH p=shortestPath((x1)-[:P279*0..]->(:Entity{id:'Q144'})) RETURN p LIMIT 100000,0,TIMEOUT,-1,-1
376,MATCH p=shortestPath((x1)-[:P279*0..]->(:Entity{id:'Q15324'})) RETURN p LIMIT 100000,0,TIMEOUT,-1,-1
377,MATCH p=shortestPath((x1)-[:P279*0..]->(:Entity{id:'Q15630906'})) RETURN p LIMIT 100000,0,TIMEOUT,-1,-1
378,MATCH p=shortestPath((x1)-[:P279*0..]->(:Entity{id:'Q16707842'})) RETURN p LIMIT 100000,0,TIMEOUT,-1,-1
379,MATCH p=shortestPath((x1)-[:P279*0..]->(:Entity{id:'Q16970'})) RETURN p LIMIT 100000,0,TIMEOUT,-1,-1
380,MATCH p=shortestPath((x1)-[:P279*0..]->(:Entity{id:'Q17334923'})) RETURN p LIMIT 100000,0,TIMEOUT,-1,-1
381,MATCH p=shortestPath((x1)-[:P279*0..]->(:Entity{id:'Q17442446'})) RETURN p LIMIT 100000,0,TIMEOUT,-1,-1
382,MATCH p=shortestPath((x1)-[:P279*0..]->(:Entity{id:'Q192611'})) RETURN p LIMIT 100000,0,TIMEOUT,-1,-1
383,MATCH p=shortestPath((x1)-[:P279*0..]->(:Entity{id:'Q198'})) RETURN p LIMIT 100000,0,TIMEOUT,-1,-1
384,MATCH p=shortestPath((x1)-[:P279*0..]->(:Entity{id:'Q2066131'})) RETURN p LIMIT 100000,0,TIMEOUT,-1,-1
385,MATCH p=shortestPath((x1)-[:P279*0..]->(:Entity{id:'Q207628'})) RETURN p LIMIT 100000,0,TIMEOUT,-1,-1
386,MATCH p=shortestPath((x1)-[:P279*0..]->(:Entity{id:'Q21109843'})) RETURN p LIMIT 100000,0,TIMEOUT,-1,-1
387,MATCH p=shortestPath((x1)-[:P279*0..]->(:Entity{id:'Q21146257'})) RETURN p LIMIT 100000,0,TIMEOUT,-1,-1
388,MATCH p=shortestPath((x1)-[:P279*0..]->(:Entity{id:'Q234460'})) RETURN p LIMIT 100000,0,TIMEOUT,-1,-1
389,MATCH p=shortestPath((x1)-[:P279*0..]->(:Entity{id:'Q2500638'})) RETURN p LIMIT 100000,0,TIMEOUT,-1,-1
390,MATCH p=shortestPath((x1)-[:P279*0..]->(:Entity{id:'Q29496'})) RETURN p LIMIT 100000,0,TIMEOUT,-1,-1
391,MATCH p=shortestPath((x1)-[:P279*0..]->(:Entity{id:'Q34379'})) RETURN p LIMIT 100000,0,TIMEOUT,-1,-1
392,MATCH p=shortestPath((x1)-[:P279*0..]->(:Entity{id:'Q35120'})) RETURN p LIMIT 100000,0,TIMEOUT,-1,-1
393,MATCH p=shortestPath((x1)-[:P279*0..]->(:Entity{id:'Q387917'})) RETURN p LIMIT 100000,0,TIMEOUT,-1,-1
394,MATCH p=shortestPath((x1)-[:P279*0..]->(:Entity{id:'Q4164871'})) RETURN p LIMIT 100000,0,TIMEOUT,-1,-1
395,MATCH p=shortestPath((x1)-[:P279*0..]->(:Entity{id:'Q488383'})) RETURN p LIMIT 100000,0,TIMEOUT,-1,-1
396,MATCH p=shortestPath((x1)-[:P279*0..]->(:Entity{id:'Q532'})) RETURN p LIMIT 100000,0,TIMEOUT,-1,-1
397,MATCH p=shortestPath((x1)-[:P279*0..]->(:Entity{id:'Q56061'})) RETURN p LIMIT 100000,0,TIMEOUT,-1,-1
398,MATCH p=shortestPath((x1)-[:P279*0..]->(:Entity{id:'Q5'})) RETURN p LIMIT 100000,0,TIMEOUT,-1,-1
399,MATCH p=shortestPath((x1)-[:P279*0..]->(:Entity{id:'Q618123'})) RETURN p LIMIT 100000,0,TIMEOUT,-1,-1
400,MATCH p=shortestPath((x1)-[:P279*0..]->(:Entity{id:'Q7239'})) RETURN p LIMIT 100000,0,TIMEOUT,-1,-1
401,MATCH p=shortestPath((x1)-[:P279*0..]->(:Entity{id:'Q7889'})) RETURN p LIMIT 100000,0,TIMEOUT,-1,-1
402,MATCH p=shortestPath((x1)-[:P279*0..]->(:Entity{id:'Q82594'})) RETURN p LIMIT 100000,0,TIMEOUT,-1,-1
403,MATCH p=shortestPath((x1)-[:P279*0..]->(:Entity{id:'Q82794'})) RETURN p LIMIT 100000,0,TIMEOUT,-1,-1
404,MATCH p=shortestPath((x1)-[:P279*0..]->(:Entity{id:'Q8386'})) RETURN p LIMIT 100000,0,TIMEOUT,-1,-1
407,MATCH p=shortestPath((x1)-[:P279*1..]->(:Entity{id:'Q206615'})) RETURN p LIMIT 100000,0,TIMEOUT,-1,-1
408,MATCH p=shortestPath((x1)-[:P279*1..]->(:Entity{id:'Q223557'})) RETURN p LIMIT 100000,0,TIMEOUT,-1,-1
409,MATCH p=shortestPath((x1)-[:P279*1..]->(:Entity{id:'Q2285706'})) RETURN p LIMIT 100000,0,TIMEOUT,-1,-1
410,MATCH p=shortestPath((x1)-[:P279*1..]->(:Entity{id:'Q28555911'})) RETURN p LIMIT 100000,0,TIMEOUT,-1,-1
411,MATCH p=shortestPath((x1)-[:P279*1..]->(:Entity{id:'Q35120'})) RETURN p LIMIT 100000,0,TIMEOUT,-1,-1
412,MATCH p=shortestPath((x1)-[:P279*1..]->(:Entity{id:'Q486972'})) RETURN p LIMIT 100000,0,TIMEOUT,-1,-1
413,MATCH p=shortestPath((x1)-[:P279*1..]->(:Entity{id:'Q488383'})) RETURN p LIMIT 100000,0,TIMEOUT,-1,-1
414,MATCH p=shortestPath((x1)-[:P279*1..]->(:Entity{id:'Q4'})) RETURN p LIMIT 100000,0,TIMEOUT,-1,-1
415,MATCH p=shortestPath((x1)-[:P279*1..]->(:Entity{id:'Q618123'})) RETURN p LIMIT 100000,0,TIMEOUT,-1,-1
416,MATCH p=shortestPath((x1)-[:P279*1..]->(:Entity{id:'Q7184903'})) RETURN p LIMIT 100000,0,TIMEOUT,-1,-1
417,MATCH p=shortestPath((x1)-[:P279*1..]->(:Entity{id:'Q729'})) RETURN p LIMIT 100000,0,TIMEOUT,-1,-1
418,MATCH p=shortestPath((x1)-[:P279*1..]->(:Entity{id:'Q901'})) RETURN p LIMIT 100000,0,TIMEOUT,-1,-1
421,MATCH p=shortestPath((x1)-[:P279]->()-[:P279*0..]->(:Entity{id:'Q11173'})) RETURN p LIMIT 100000,0,TIMEOUT,-1,-1
423,MATCH p=shortestPath((x1)-[:P27*0..]->(:Entity{id:'Q801'})) RETURN p LIMIT 100000,0,TIMEOUT,-1,-1
424,MATCH p=shortestPath((x1)-[:P27]->()-[:P17*0..]->(:Entity{id:'Q29999'})) RETURN p LIMIT 100000,0,TIMEOUT,-1,-1
425,MATCH p=shortestPath((x1)-[:P27]->()-[:P279*0..]->(:Entity{id:'Q148'})) RETURN p LIMIT 100000,0,TIMEOUT,-1,-1
426,MATCH p=shortestPath((x1)-[:P31*0..]->(:Entity{id:'Q1248784'})) RETURN p LIMIT 100000,0,TIMEOUT,-1,-1
427,MATCH p=shortestPath((x1)-[:P31*0..]->(:Entity{id:'Q13406463'})) RETURN p LIMIT 100000,0,TIMEOUT,-1,-1
428,MATCH p=shortestPath((x1)-[:P31*0..]->(:Entity{id:'Q16521'})) RETURN p LIMIT 100000,0,TIMEOUT,-1,-1
429,MATCH p=shortestPath((x1)-[:P31*0..]->(:Entity{id:'Q18614948'})) RETURN p LIMIT 100000,0,TIMEOUT,-1,-1
430,MATCH p=shortestPath((x1)-[:P31*0..]->(:Entity{id:'Q2074737'})) RETURN p LIMIT 100000,0,TIMEOUT,-1,-1
431,MATCH p=shortestPath((x1)-[:P31*0..]->(:Entity{id:'Q22302160'})) RETURN p LIMIT 100000,0,OK,12,45
432,MATCH p=shortestPath((x1)-[:P31*0..]->(:Entity{id:'Q23442'})) RETURN p LIMIT 100000,0,TIMEOUT,-1,-1
433,MATCH p=shortestPath((x1)-[:P31*0..]->(:Entity{id:'Q2678338'})) RETURN p LIMIT 100000,0,TIMEOUT,-1,-1
434,MATCH p=shortestPath((x1)-[:P31*0..]->(:Entity{id:'Q3231690'})) RETURN p LIMIT 100000,0,TIMEOUT,-1,-1
435,MATCH p=shortestPath((x1)-[:P31*0..]->(:Entity{id:'Q33506'})) RETURN p LIMIT 100000,0,TIMEOUT,-1,-1
436,MATCH p=shortestPath((x1)-[:P31*0..]->(:Entity{id:'Q3918'})) RETURN p LIMIT 100000,0,TIMEOUT,-1,-1
437,MATCH p=shortestPath((x1)-[:P31*0..]->(:Entity{id:'Q3957'})) RETURN p LIMIT 100000,0,TIMEOUT,-1,-1
438,MATCH p=shortestPath((x1)-[:P31*0..]->(:Entity{id:'Q40080'})) RETURN p LIMIT 100000,0,TIMEOUT,-1,-1
439,MATCH p=shortestPath((x1)-[:P31*0..]->(:Entity{id:'Q4167410'})) RETURN p LIMIT 100000,0,TIMEOUT,-1,-1
440,MATCH p=shortestPath((x1)-[:P31*0..]->(:Entity{id:'Q484170'})) RETURN p LIMIT 100000,0,TIMEOUT,-1,-1
441,MATCH p=shortestPath((x1)-[:P31*0..]->(:Entity{id:'Q515'})) RETURN p LIMIT 100000,0,TIMEOUT,-1,-1
442,MATCH p=shortestPath((x1)-[:P31*0..]->(:Entity{id:'Q534932'})) RETURN p LIMIT 100000,0,TIMEOUT,-1,-1
443,MATCH p=shortestPath((x1)-[:P31*0..]->(:Entity{id:'Q5'})) RETURN p LIMIT 100000,0,TIMEOUT,-1,-1
444,MATCH p=shortestPath((x1)-[:P31*0..]->(:Entity{id:'Q6256'})) RETURN p LIMIT 100000,0,TIMEOUT,-1,-1
445,MATCH p=shortestPath((x1)-[:P31*0..]->(:Entity{id:'Q811979'})) RETURN p LIMIT 100000,0,TIMEOUT,-1,-1
446,MATCH p=shortestPath((x1)-[:P31*0..]->(:Entity{id:'QQ3231690'})) RETURN p LIMIT 100000,0,OK,13,36
448,MATCH p=shortestPath((x1)-[:P31*1..]->(:Entity{id:'Q4830453'})) RETURN p LIMIT 100000,0,TIMEOUT,-1,-1
449,MATCH p=shortestPath((x1)-[:P31*1..]->(:Entity{id:'Q486972'})) RETURN p LIMIT 100000,0,TIMEOUT,-1,-1
452,MATCH p=shortestPath((x1)-[:P31]->()-[:P271*0..]->(:Entity{id:'Q8502'})) RETURN p LIMIT 100000,0,TIMEOUT,-1,-1
453,MATCH p=shortestPath((x1)-[:P31]->()-[:P279*0..]->(:Entity{id:'Q101352'})) RETURN p LIMIT 100000,0,TIMEOUT,-1,-1
454,MATCH p=shortestPath((x1)-[:P31]->()-[:P279*0..]->(:Entity{id:'Q1030034'})) RETURN p LIMIT 100000,0,TIMEOUT,-1,-1
455,MATCH p=shortestPath((x1)-[:P31]->()-[:P279*0..]->(:Entity{id:'Q107390'})) RETURN p LIMIT 100000,0,TIMEOUT,-1,-1
456,MATCH p=shortestPath((x1)-[:P31]->()-[:P279*0..]->(:Entity{id:'Q10864048'})) RETURN p LIMIT 100000,0,TIMEOUT,-1,-1
457,MATCH p=shortestPath((x1)-[:P31]->()-[:P279*0..]->(:Entity{id:'Q11032'})) RETURN p LIMIT 100000,0,TIMEOUT,-1,-1
458,MATCH p=shortestPath((x1)-[:P31]->()-[:P279*0..]->(:Entity{id:'Q11173'})) RETURN p LIMIT 100000,0,TIMEOUT,-1,-1
459,MATCH p=shortestPath((x1)-[:P31]->()-[:P279*0..]->(:Entity{id:'Q11266439'})) RETURN p LIMIT 100000,0,TIMEOUT,-1,-1
460,MATCH p=shortestPath((x1)-[:P31]->()-[:P279*0..]->(:Entity{id:'Q11410'})) RETURN p LIMIT 100000,0,TIMEOUT,-1,-1
461,MATCH p=shortestPath((x1)-[:P31]->()-[:P279*0..]->(:Entity{id:'Q11424'})) RETURN p LIMIT 100000,0,TIMEOUT,-1,-1
462,MATCH p=shortestPath((x1)-[:P31]->()-[:P279*0..]->(:Entity{id:'Q11446'})) RETURN p LIMIT 100000,0,TIMEOUT,-1,-1
463,MATCH p=shortestPath((x1)-[:P31]->()-[:P279*0..]->(:Entity{id:'Q1183543'})) RETURN p LIMIT 100000,0,TIMEOUT,-1,-1
464,MATCH p=shortestPath((x1)-[:P31]->()-[:P279*0..]->(:Entity{id:'Q1190554'})) RETURN p LIMIT 100000,0,TIMEOUT,-1,-1
465,MATCH p=shortestPath((x1)-[:P31]->()-[:P279*0..]->(:Entity{id:'Q12078'})) RETURN p LIMIT 100000,0,TIMEOUT,-1,-1
466,MATCH p=shortestPath((x1)-[:P31]->()-[:P279*0..]->(:Entity{id:'Q121998'})) RETURN p LIMIT 100000,0,TIMEOUT,-1,-1
467,MATCH p=shortestPath((x1)-[:P31]->()-[:P279*0..]->(:Entity{id:'Q12280'})) RETURN p LIMIT 100000,0,TIMEOUT,-1,-1
468,MATCH p=shortestPath((x1)-[:P31]->()-[:P279*0..]->(:Entity{id:'Q12323'})) RETURN p LIMIT 100000,0,TIMEOUT,-1,-1
469,MATCH p=shortestPath((x1)-[:P31]->()-[:P279*0..]->(:Entity{id:'Q1248784'})) RETURN p LIMIT 100000,0,TIMEOUT,-1,-1
470,MATCH p=shortestPath((x1)-[:P31]->()-[:P279*0..]->(:Entity{id:'Q12737077'})) RETURN p LIMIT 100000,0,TIMEOUT,-1,-1
471,MATCH p=shortestPath((x1)-[:P31]->()-[:P279*0..]->(:Entity{id:'Q131681'})) RETURN p LIMIT 100000,0,TIMEOUT,-1,-1
472,MATCH p=shortestPath((x1)-[:P31]->()-[:P279*0..]->(:Entity{id:'Q13442814'})) RETURN p LIMIT 100000,0,TIMEOUT,-1,-1
473,MATCH p=shortestPath((x1)-[:P31]->()-[:P279*0..]->(:Entity{id:'Q1370598'})) RETURN p LIMIT 100000,0,TIMEOUT,-1,-1
474,MATCH p=shortestPath((x1)-[:P31]->()-[:P279*0..]->(:Entity{id:'Q1418640'})) RETURN p LIMIT 100000,0,TIMEOUT,-1,-1
475,MATCH p=shortestPath((x1)-[:P31]->()-[:P279*0..]->(:Entity{id:'Q14204246'})) RETURN p LIMIT 100000,0,TIMEOUT,-1,-1
476,MATCH p=shortestPath((x1)-[:P31]->()-[:P279*0..]->(:Entity{id:'Q15090615'})) RETURN p LIMIT 100000,0,TIMEOUT,-1,-1
477,MATCH p=shortestPath((x1)-[:P31]->()-[:P279*0..]->(:Entity{id:'Q151885'})) RETURN p LIMIT 100000,0,TIMEOUT,-1,-1
478,MATCH p=shortestPath((x1)-[:P31]->()-[:P279*0..]->(:Entity{id:'Q15238777'})) RETURN p LIMIT 100000,0,TIMEOUT,-1,-1
479,MATCH p=shortestPath((x1)-[:P31]->()-[:P279*0..]->(:Entity{id:'Q15284'})) RETURN p LIMIT 100000,0,TIMEOUT,-1,-1
480,MATCH p=shortestPath((x1)-[:P31]->()-[:P279*0..]->(:Entity{id:'Q15324'})) RETURN p LIMIT 100000,0,TIMEOUT,-1,-1
481,MATCH p=shortestPath((x1)-[:P31]->()-[:P279*0..]->(:Entity{id:'Q15619176'})) RETURN p LIMIT 100000,0,TIMEOUT,-1,-1
482,MATCH p=shortestPath((x1)-[:P31]->()-[:P279*0..]->(:Entity{id:'Q15630906'})) RETURN p LIMIT 100000,0,TIMEOUT,-1,-1
483,MATCH p=shortestPath((x1)-[:P31]->()-[:P279*0..]->(:Entity{id:'Q15642541'})) RETURN p LIMIT 100000,0,TIMEOUT,-1,-1
484,MATCH p=shortestPath((x1)-[:P31]->()-[:P279*0..]->(:Entity{id:'Q158683'})) RETURN p LIMIT 100000,0,TIMEOUT,-1,-1
485,MATCH p=shortestPath((x1)-[:P31]->()-[:P279*0..]->(:Entity{id:'Q159719'})) RETURN p LIMIT 100000,0,TIMEOUT,-1,-1
486,MATCH p=shortestPath((x1)-[:P31]->()-[:P279*0..]->(:Entity{id:'Q16521'})) RETURN p LIMIT 100000,0,TIMEOUT,-1,-1
487,MATCH p=shortestPath((x1)-[:P31]->()-[:P279*0..]->(:Entity{id:'Q1656682'})) RETURN p LIMIT 100000,0,TIMEOUT,-1,-1
488,MATCH p=shortestPath((x1)-[:P31]->()-[:P279*0..]->(:Entity{id:'Q16686022'})) RETURN p LIMIT 100000,0,TIMEOUT,-1,-1
489,MATCH p=shortestPath((x1)-[:P31]->()-[:P279*0..]->(:Entity{id:'Q16917'})) RETURN p LIMIT 100000,0,TIMEOUT,-1,-1
490,MATCH p=shortestPath((x1)-[:P31]->()-[:P279*0..]->(:Entity{id:'Q16970'})) RETURN p LIMIT 100000,0,TIMEOUT,-1,-1
491,MATCH p=shortestPath((x1)-[:P31]->()-[:P279*0..]->(:Entity{id:'Q17334923'})) RETURN p LIMIT 100000,0,TIMEOUT,-1,-1
492,MATCH p=shortestPath((x1)-[:P31]->()-[:P279*0..]->(:Entity{id:'Q173387'})) RETURN p LIMIT 100000,0,TIMEOUT,-1,-1
493,MATCH p=shortestPath((x1)-[:P31]->()-[:P279*0..]->(:Entity{id:'Q174782'})) RETURN p LIMIT 100000,0,TIMEOUT,-1,-1
494,MATCH p=shortestPath((x1)-[:P31]->()-[:P279*0..]->(:Entity{id:'Q17519152'})) RETURN p LIMIT 100000,0,TIMEOUT,-1,-1
495,MATCH p=shortestPath((x1)-[:P31]->()-[:P279*0..]->(:Entity{id:'Q178885'})) RETURN p LIMIT 100000,0,TIMEOUT,-1,-1
496,MATCH p=shortestPath((x1)-[:P31]->()-[:P279*0..]->(:Entity{id:'Q18127'})) RETURN p LIMIT 100000,0,TIMEOUT,-1,-1
497,MATCH p=shortestPath((x1)-[:P31]->()-[:P279*0..]->(:Entity{id:'Q18559091'})) RETURN p LIMIT 100000,0,TIMEOUT,-1,-1
498,MATCH p=shortestPath((x1)-[:P31]->()-[:P279*0..]->(:Entity{id:'Q18614948'})) RETURN p LIMIT 100000,0,TIMEOUT,-1,-1
499,MATCH p=shortestPath((x1)-[:P31]->()-[:P279*0..]->(:Entity{id:'Q1867183'})) RETURN p LIMIT 100000,0,TIMEOUT,-1,-1
500,MATCH p=shortestPath((x1)-[:P31]->()-[:P279*0..]->(:Entity{id:'Q18918145'})) RETURN p LIMIT 100000,0,TIMEOUT,-1,-1
501,MATCH p=shortestPath((x1)-[:P31]->()-[:P279*0..]->(:Entity{id:'Q190107'})) RETURN p LIMIT 100000,0,TIMEOUT,-1,-1
502,MATCH p=shortestPath((x1)-[:P31]->()-[:P279*0..]->(:Entity{id:'Q191067'})) RETURN p LIMIT 100000,0,TIMEOUT,-1,-1
503,MATCH p=shortestPath((x1)-[:P31]->()-[:P279*0..]->(:Entity{id:'Q192611'})) RETURN p LIMIT 100000,0,TIMEOUT,-1,-1
504,MATCH p=shortestPath((x1)-[:P31]->()-[:P279*0..]->(:Entity{id:'Q1983062'})) RETURN p LIMIT 100000,0,TIMEOUT,-1,-1
505,MATCH p=shortestPath((x1)-[:P31]->()-[:P279*0..]->(:Entity{id:'Q19847637'})) RETURN p LIMIT 100000,0,TIMEOUT,-1,-1
506,MATCH p=shortestPath((x1)-[:P31]->()-[:P279*0..]->(:Entity{id:'Q2031836'})) RETURN p LIMIT 100000,0,TIMEOUT,-1,-1
507,MATCH p=shortestPath((x1)-[:P31]->()-[:P279*0..]->(:Entity{id:'Q2057971'})) RETURN p LIMIT 100000,0,TIMEOUT,-1,-1
508,MATCH p=shortestPath((x1)-[:P31]->()-[:P279*0..]->(:Entity{id:'Q2065736'})) RETURN p LIMIT 100000,0,TIMEOUT,-1,-1
509,MATCH p=shortestPath((x1)-[:P31]->()-[:P279*0..]->(:Entity{id:'Q2066131'})) RETURN p LIMIT 100000,0,TIMEOUT,-1,-1
510,MATCH p=shortestPath((x1)-[:P31]->()-[:P279*0..]->(:Entity{id:'Q20747295'})) RETURN p LIMIT 100000,0,TIMEOUT,-1,-1
511,MATCH p=shortestPath((x1)-[:P31]->()-[:P279*0..]->(:Entity{id:'Q208255'})) RETURN p LIMIT 100000,0,TIMEOUT,-1,-1
512,MATCH p=shortestPath((x1)-[:P31]->()-[:P279*0..]->(:Entity{id:'Q2095'})) RETURN p LIMIT 100000,0,TIMEOUT,-1,-1
513,MATCH p=shortestPath((x1)-[:P31]->()-[:P279*0..]->(:Entity{id:'Q210272'})) RETURN p LIMIT 100000,0,TIMEOUT,-1,-1
514,MATCH p=shortestPath((x1)-[:P31]->()-[:P279*0..]->(:Entity{id:'Q2221906'})) RETURN p LIMIT 100000,0,TIMEOUT,-1,-1
515,MATCH p=shortestPath((x1)-[:P31]->()-[:P279*0..]->(:Entity{id:'Q223557'})) RETURN p LIMIT 100000,0,TIMEOUT,-1,-1
516,MATCH p=shortestPath((x1)-[:P31]->()-[:P279*0..]->(:Entity{id:'Q22698'})) RETURN p LIMIT 100000,0,TIMEOUT,-1,-1
517,MATCH p=shortestPath((x1)-[:P31]->()-[:P279*0..]->(:Entity{id:'Q23397'})) RETURN p LIMIT 100000,0,TIMEOUT,-1,-1
518,MATCH p=shortestPath((x1)-[:P31]->()-[:P279*0..]->(:Entity{id:'Q23413'})) RETURN p LIMIT 100000,0,TIMEOUT,-1,-1
519,MATCH p=shortestPath((x1)-[:P31]->()-[:P279*0..]->(:Entity{id:'Q23442'})) RETURN p LIMIT 100000,0,TIMEOUT,-1,-1
520,MATCH p=shortestPath((x1)-[:P31]->()-[:P279*0..]->(:Entity{id:'Q234460'})) RETURN p LIMIT 100000,0,TIMEOUT,-1,-1
521,MATCH p=shortestPath((x1)-[:P31]->()-[:P279*0..]->(:Entity{id:'Q2385804'})) RETURN p LIMIT 100000,0,TIMEOUT,-1,-1
522,MATCH p=shortestPath((x1)-[:P31]->()-[:P279*0..]->(:Entity{id:'Q24229398'})) RETURN p LIMIT 100000,0,TIMEOUT,-1,-1
523,MATCH p=shortestPath((x1)-[:P31]->()-[:P279*0..]->(:Entity{id:'Q24398318'})) RETURN p LIMIT 100000,0,TIMEOUT,-1,-1
524,MATCH p=shortestPath((x1)-[:P31]->()-[:P279*0..]->(:Entity{id:'Q2465832'})) RETURN p LIMIT 100000,0,TIMEOUT,-1,-1
525,MATCH p=shortestPath((x1)-[:P31]->()-[:P279*0..]->(:Entity{id:'Q261543'})) RETURN p LIMIT 100000,0,TIMEOUT,-1,-1
526,MATCH p=shortestPath((x1)-[:P31]->()-[:P279*0..]->(:Entity{id:'Q262166'})) RETURN p LIMIT 100000,0,TIMEOUT,-1,-1
527,MATCH p=shortestPath((x1)-[:P31]->()-[:P279*0..]->(:Entity{id:'Q26243694'})) RETURN p LIMIT 100000,0,TIMEOUT,-1,-1
528,MATCH p=shortestPath((x1)-[:P31]->()-[:P279*0..]->(:Entity{id:'Q282'})) RETURN p LIMIT 100000,0,TIMEOUT,-1,-1
529,MATCH p=shortestPath((x1)-[:P31]->()-[:P279*0..]->(:Entity{id:'Q290'})) RETURN p LIMIT 100000,0,TIMEOUT,-1,-1
530,MATCH p=shortestPath((x1)-[:P31]->()-[:P279*0..]->(:Entity{id:'Q29637965'})) RETURN p LIMIT 100000,0,TIMEOUT,-1,-1
531,MATCH p=shortestPath((x1)-[:P31]->()-[:P279*0..]->(:Entity{id:'Q2977'})) RETURN p LIMIT 100000,0,TIMEOUT,-1,-1
532,MATCH p=shortestPath((x1)-[:P31]->()-[:P279*0..]->(:Entity{id:'Q2996394'})) RETURN p LIMIT 100000,0,TIMEOUT,-1,-1
533,MATCH p=shortestPath((x1)-[:P31]->()-[:P279*0..]->(:Entity{id:'Q30304302'})) RETURN p LIMIT 100000,0,TIMEOUT,-1,-1
534,MATCH p=shortestPath((x1)-[:P31]->()-[:P279*0..]->(:Entity{id:'Q3191695'})) RETURN p LIMIT 100000,0,TIMEOUT,-1,-1
535,MATCH p=shortestPath((x1)-[:P31]->()-[:P279*0..]->(:Entity{id:'Q3305213'})) RETURN p LIMIT 100000,0,TIMEOUT,-1,-1
536,MATCH p=shortestPath((x1)-[:P31]->()-[:P279*0..]->(:Entity{id:'Q33506'})) RETURN p LIMIT 100000,0,TIMEOUT,-1,-1
537,MATCH p=shortestPath((x1)-[:P31]->()-[:P279*0..]->(:Entity{id:'Q340169'})) RETURN p LIMIT 100000,0,TIMEOUT,-1,-1
538,MATCH p=shortestPath((x1)-[:P31]->()-[:P279*0..]->(:Entity{id:'Q34442'})) RETURN p LIMIT 100000,0,TIMEOUT,-1,-1
539,MATCH p=shortestPath((x1)-[:P31]->()-[:P279*0..]->(:Entity{id:'Q3464665'})) RETURN p LIMIT 100000,0,TIMEOUT,-1,-1
540,MATCH p=shortestPath((x1)-[:P31]->()-[:P279*0..]->(:Entity{id:'Q35120'})) RETURN p LIMIT 100000,0,TIMEOUT,-1,-1
541,MATCH p=shortestPath((x1)-[:P31]->()-[:P279*0..]->(:Entity{id:'Q355304'})) RETURN p LIMIT 100000,0,TIMEOUT,-1,-1
542,MATCH p=shortestPath((x1)-[:P31]->()-[:P279*0..]->(:Entity{id:'Q361733'})) RETURN p LIMIT 100000,0,TIMEOUT,-1,-1
543,MATCH p=shortestPath((x1)-[:P31]->()-[:P279*0..]->(:Entity{id:'Q3624078'})) RETURN p LIMIT 100000,0,TIMEOUT,-1,-1
544,MATCH p=shortestPath((x1)-[:P31]->()-[:P279*0..]->(:Entity{id:'Q385337'})) RETURN p LIMIT 100000,0,TIMEOUT,-1,-1
545,MATCH p=shortestPath((x1)-[:P31]->()-[:P279*0..]->(:Entity{id:'Q386724'})) RETURN p LIMIT 100000,0,TIMEOUT,-1,-1
546,MATCH p=shortestPath((x1)-[:P31]->()-[:P279*0..]->(:Entity{id:'Q387917'})) RETURN p LIMIT 100000,0,TIMEOUT,-1,-1
547,MATCH p=shortestPath((x1)-[:P31]->()-[:P279*0..]->(:Entity{id:'Q3914'})) RETURN p LIMIT 100000,0,TIMEOUT,-1,-1
548,MATCH p=shortestPath((x1)-[:P31]->()-[:P279*0..]->(:Entity{id:'Q3918'})) RETURN p LIMIT 100000,0,TIMEOUT,-1,-1
549,MATCH p=shortestPath((x1)-[:P31]->()-[:P279*0..]->(:Entity{id:'Q3957'})) RETURN p LIMIT 100000,0,TIMEOUT,-1,-1
550,MATCH p=shortestPath((x1)-[:P31]->()-[:P279*0..]->(:Entity{id:'Q4022'})) RETURN p LIMIT 100000,0,TIMEOUT,-1,-1
551,MATCH p=shortestPath((x1)-[:P31]->()-[:P279*0..]->(:Entity{id:'Q41176'})) RETURN p LIMIT 100000,0,TIMEOUT,-1,-1
552,MATCH p=shortestPath((x1)-[:P31]->()-[:P279*0..]->(:Entity{id:'Q43229'})) RETURN p LIMIT 100000,0,TIMEOUT,-1,-1
553,MATCH p=shortestPath((x1)-[:P31]->()-[:P279*0..]->(:Entity{id:'Q482994'})) RETURN p LIMIT 100000,0,TIMEOUT,-1,-1
554,MATCH p=shortestPath((x1)-[:P31]->()-[:P279*0..]->(:Entity{id:'Q4830453'})) RETURN p LIMIT 100000,0,TIMEOUT,-1,-1
555,MATCH p=shortestPath((x1)-[:P31]->()-[:P279*0..]->(:Entity{id:'Q484170'})) RETURN p LIMIT 100000,0,TIMEOUT,-1,-1
556,MATCH p=shortestPath((x1)-[:P31]->()-[:P279*0..]->(:Entity{id:'Q486972'})) RETURN p LIMIT 100000,0,TIMEOUT,-1,-1
557,MATCH p=shortestPath((x1)-[:P31]->()-[:P279*0..]->(:Entity{id:'Q488383'})) RETURN p LIMIT 100000,0,TIMEOUT,-1,-1
558,MATCH p=shortestPath((x1)-[:P31]->()-[:P279*0..]->(:Entity{id:'Q4989906'})) RETURN p LIMIT 100000,0,TIMEOUT,-1,-1
559,MATCH p=shortestPath((x1)-[:P31]->()-[:P279*0..]->(:Entity{id:'Q50337'})) RETURN p LIMIT 100000,0,TIMEOUT,-1,-1
560,MATCH p=shortestPath((x1)-[:P31]->()-[:P279*0..]->(:Entity{id:'Q515'})) RETURN p LIMIT 100000,0,TIMEOUT,-1,-1
561,MATCH p=shortestPath((x1)-[:P31]->()-[:P279*0..]->(:Entity{id:'Q532'})) RETURN p LIMIT 100000,0,TIMEOUT,-1,-1
562,MATCH p=shortestPath((x1)-[:P31]->()-[:P279*0..]->(:Entity{id:'Q5341295'})) RETURN p LIMIT 100000,0,TIMEOUT,-1,-1
563,MATCH p=shortestPath((x1)-[:P31]->()-[:P279*0..]->(:Entity{id:'Q5398426'})) RETURN p LIMIT 100000,0,TIMEOUT,-1,-1
564,MATCH p=shortestPath((x1)-[:P31]->()-[:P279*0..]->(:Entity{id:'Q543654'})) RETURN p LIMIT 100000,0,TIMEOUT,-1,-1
565,MATCH p=shortestPath((x1)-[:P31]->()-[:P279*0..]->(:Entity{id:'Q56061'})) RETURN p LIMIT 100000,0,TIMEOUT,-1,-1
566,MATCH p=shortestPath((x1)-[:P31]->()-[:P279*0..]->(:Entity{id:'Q570116'})) RETURN p LIMIT 100000,0,TIMEOUT,-1,-1
567,MATCH p=shortestPath((x1)-[:P31]->()-[:P279*0..]->(:Entity{id:'Q570600'})) RETURN p LIMIT 100000,0,TIMEOUT,-1,-1
568,MATCH p=shortestPath((x1)-[:P31]->()-[:P279*0..]->(:Entity{id:'Q571'})) RETURN p LIMIT 100000,0,TIMEOUT,-1,-1
569,MATCH p=shortestPath((x1)-[:P31]->()-[:P279*0..]->(:Entity{id:'Q5'})) RETURN p LIMIT 100000,0,TIMEOUT,-1,-1
570,MATCH p=shortestPath((x1)-[:P31]->()-[:P279*0..]->(:Entity{id:'Q618123'})) RETURN p LIMIT 100000,0,TIMEOUT,-1,-1
571,MATCH p=shortestPath((x1)-[:P31]->()-[:P279*0..]->(:Entity{id:'Q6256'})) RETURN p LIMIT 100000,0,TIMEOUT,-1,-1
572,MATCH p=shortestPath((x1)-[:P31]->()-[:P279*0..]->(:Entity{id:'Q628179'})) RETURN p LIMIT 100000,0,TIMEOUT,-1,-1
573,MATCH p=shortestPath((x1)-[:P31]->()-[:P279*0..]->(:Entity{id:'Q6671777'})) RETURN p LIMIT 100000,0,TIMEOUT,-1,-1
574,MATCH p=shortestPath((x1)-[:P31]->()-[:P279*0..]->(:Entity{id:'Q7075'})) RETURN p LIMIT 100000,0,TIMEOUT,-1,-1
575,MATCH p=shortestPath((x1)-[:P31]->()-[:P279*0..]->(:Entity{id:'Q7184903'})) RETURN p LIMIT 100000,0,TIMEOUT,-1,-1
576,MATCH p=shortestPath((x1)-[:P31]->()-[:P279*0..]->(:Entity{id:'Q719456'})) RETURN p LIMIT 100000,0,TIMEOUT,-1,-1
577,MATCH p=shortestPath((x1)-[:P31]->()-[:P279*0..]->(:Entity{id:'Q7275'})) RETURN p LIMIT 100000,0,TIMEOUT,-1,-1
578,MATCH p=shortestPath((x1)-[:P31]->()-[:P279*0..]->(:Entity{id:'Q729'})) RETURN p LIMIT 100000,0,TIMEOUT,-1,-1
579,MATCH p=shortestPath((x1)-[:P31]->()-[:P279*0..]->(:Entity{id:'Q7397'})) RETURN p LIMIT 100000,0,TIMEOUT,-1,-1
580,MATCH p=shortestPath((x1)-[:P31]->()-[:P279*0..]->(:Entity{id:'Q79007'})) RETURN p LIMIT 100000,0,TIMEOUT,-1,-1
581,MATCH p=shortestPath((x1)-[:P31]->()-[:P279*0..]->(:Entity{id:'Q79529'})) RETURN p LIMIT 100000,0,TIMEOUT,-1,-1
582,MATCH p=shortestPath((x1)-[:P31]->()-[:P279*0..]->(:Entity{id:'Q811979'})) RETURN p LIMIT 100000,0,TIMEOUT,-1,-1
583,MATCH p=shortestPath((x1)-[:P31]->()-[:P279*0..]->(:Entity{id:'Q820477'})) RETURN p LIMIT 100000,0,TIMEOUT,-1,-1
584,MATCH p=shortestPath((x1)-[:P31]->()-[:P279*0..]->(:Entity{id:'Q8205328'})) RETURN p LIMIT 100000,0,TIMEOUT,-1,-1
585,MATCH p=shortestPath((x1)-[:P31]->()-[:P279*0..]->(:Entity{id:'Q82794'})) RETURN p LIMIT 100000,0,TIMEOUT,-1,-1
586,MATCH p=shortestPath((x1)-[:P31]->()-[:P279*0..]->(:Entity{id:'Q82799'})) RETURN p LIMIT 100000,0,TIMEOUT,-1,-1
587,MATCH p=shortestPath((x1)-[:P31]->()-[:P279*0..]->(:Entity{id:'Q83405'})) RETURN p LIMIT 100000,0,TIMEOUT,-1,-1
588,MATCH p=shortestPath((x1)-[:P31]->()-[:P279*0..]->(:Entity{id:'Q83620'})) RETURN p LIMIT 100000,0,TIMEOUT,-1,-1
589,MATCH p=shortestPath((x1)-[:P31]->()-[:P279*0..]->(:Entity{id:'Q838948'})) RETURN p LIMIT 100000,0,TIMEOUT,-1,-1
590,MATCH p=shortestPath((x1)-[:P31]->()-[:P279*0..]->(:Entity{id:'Q839954'})) RETURN p LIMIT 100000,0,TIMEOUT,-1,-1
591,MATCH p=shortestPath((x1)-[:P31]->()-[:P279*0..]->(:Entity{id:'Q8502'})) RETURN p LIMIT 100000,0,TIMEOUT,-1,-1
592,MATCH p=shortestPath((x1)-[:P31]->()-[:P279*0..]->(:Entity{id:'Q860861'})) RETURN p LIMIT 100000,0,TIMEOUT,-1,-1
593,MATCH p=shortestPath((x1)-[:P31]->()-[:P279*0..]->(:Entity{id:'Q863404'})) RETURN p LIMIT 100000,0,TIMEOUT,-1,-1
594,MATCH p=shortestPath((x1)-[:P31]->()-[:P279*0..]->(:Entity{id:'Q871419'})) RETURN p LIMIT 100000,0,TIMEOUT,-1,-1
595,MATCH p=shortestPath((x1)-[:P31]->()-[:P279*0..]->(:Entity{id:'Q87167'})) RETURN p LIMIT 100000,0,TIMEOUT,-1,-1
596,MATCH p=shortestPath((x1)-[:P31]->()-[:P279*0..]->(:Entity{id:'Q879050'})) RETURN p LIMIT 100000,0,TIMEOUT,-1,-1
597,MATCH p=shortestPath((x1)-[:P31]->()-[:P279*0..]->(:Entity{id:'Q9081'})) RETURN p LIMIT 100000,0,TIMEOUT,-1,-1
598,MATCH p=shortestPath((x1)-[:P31]->()-[:P279*0..]->(:Entity{id:'Q95074'})) RETURN p LIMIT 100000,0,TIMEOUT,-1,-1
599,MATCH p=shortestPath((x1)-[:P31]->()-[:P279*0..]->(:Entity{id:'Q959309'})) RETURN p LIMIT 100000,0,TIMEOUT,-1,-1
600,MATCH p=shortestPath((x1)-[:P31]->()-[:P279*0..]->(:Entity{id:'P580'})) RETURN p LIMIT 100000,0,TIMEOUT,-1,-1
602,MATCH p=shortestPath((x1)-[:P31]->()-[:P279*1..]->(:Entity{id:'Q1190554'})) RETURN p LIMIT 100000,0,TIMEOUT,-1,-1
603,MATCH p=shortestPath((x1)-[:P31]->()-[:P279*1..]->(:Entity{id:'Q16970'})) RETURN p LIMIT 100000,0,TIMEOUT,-1,-1
604,MATCH p=shortestPath((x1)-[:P31]->()-[:P279*1..]->(:Entity{id:'Q2095'})) RETURN p LIMIT 100000,0,TIMEOUT,-1,-1
605,MATCH p=shortestPath((x1)-[:P31]->()-[:P279*1..]->(:Entity{id:'Q82794'})) RETURN p LIMIT 100000,0,TIMEOUT,-1,-1
607,MATCH p=shortestPath((x1)-[:P31]->()-[:P279*0..1]->(:Entity{id:'Q46169'})) RETURN p LIMIT 100000,0,TIMEOUT,-1,-1
608,MATCH p=shortestPath((x1)-[:P31]->()-[:P279*0..1]->(:Entity{id:'Q5'})) RETURN p LIMIT 100000,0,TIMEOUT,-1,-1
609,MATCH p=shortestPath((x1)-[:P31]->()-[:P31*0..]->(:Entity{id:'Q16521'})) RETURN p LIMIT 100000,0,TIMEOUT,-1,-1
610,MATCH p=shortestPath((x1)-[:P31]->()-[:P279]->(:Entity{id:'Q1030034'})) RETURN p LIMIT 100000,0,TIMEOUT,-1,-1
611,MATCH p=shortestPath((x1)-[:P31]->()-[:P279]->(:Entity{id:'Q10864048'})) RETURN p LIMIT 100000,0,TIMEOUT,-1,-1
612,MATCH p=shortestPath((x1)-[:P31]->()-[:P279]->(:Entity{id:'Q16521'})) RETURN p LIMIT 100000,0,TIMEOUT,-1,-1
613,MATCH p=shortestPath((x1)-[:P31]->()-[:P279]->(:Entity{id:'Q18918145'})) RETURN p LIMIT 100000,0,TIMEOUT,-1,-1
614,MATCH p=shortestPath((x1)-[:P31]->()-[:P279]->(:Entity{id:'Q19847637'})) RETURN p LIMIT 100000,0,TIMEOUT,-1,-1
615,MATCH p=shortestPath((x1)-[:P31]->()-[:P279]->(:Entity{id:'Q29637965'})) RETURN p LIMIT 100000,0,TIMEOUT,-1,-1
616,MATCH p=shortestPath((x1)-[:P31]->()-[:P279]->(:Entity{id:'Q33506'})) RETURN p LIMIT 100000,0,TIMEOUT,-1,-1
617,MATCH p=shortestPath((x1)-[:P31]->()-[:P279]->(:Entity{id:'Q486972'})) RETURN p LIMIT 100000,0,TIMEOUT,-1,-1
618,MATCH p=shortestPath((x1)-[:P31]->()-[:P279]->(:Entity{id:'Q515'})) RETURN p LIMIT 100000,0,TIMEOUT,-1,-1
619,MATCH p=shortestPath((x1)-[:P31]->()-[:P279]->(:Entity{id:'Q838948'})) RETURN p LIMIT 100000,0,TIMEOUT,-1,-1
620,MATCH p=shortestPath((x1)-[:P31]->()-[:P279]->(:Entity{id:'Q879050'})) RETURN p LIMIT 100000,0,TIMEOUT,-1,-1
628,MATCH p=shortestPath((x1)-[:P31|P279]->(:Entity{id:'Q413'})) RETURN p LIMIT 100000,0,TIMEOUT,-1,-1
629,MATCH p=shortestPath((x1)-[:P31|P279]->(:Entity{id:'Q845739'})) RETURN p LIMIT 100000,0,TIMEOUT,-1,-1
631,MATCH p=shortestPath((x1)-[:P361*0..]->(:Entity{id:'Q12585'})) RETURN p LIMIT 100000,0,TIMEOUT,-1,-1
632,MATCH p=shortestPath((x1)-[:P361*0..]->(:Entity{id:'Q660519'})) RETURN p LIMIT 100000,0,TIMEOUT,-1,-1
634,MATCH p=shortestPath((x1)-[:P361*1..]->(:Entity{id:'Q5867051'})) RETURN p LIMIT 100000,0,TIMEOUT,-1,-1
637,MATCH p=shortestPath((x1)-[:P39*0..]->(:Entity{id:'Q2407022'})) RETURN p LIMIT 100000,0,TIMEOUT,-1,-1
638,MATCH p=shortestPath((x1)-[:P39*0..]->(:Entity{id:'Q30461'})) RETURN p LIMIT 100000,0,TIMEOUT,-1,-1
639,MATCH p=shortestPath((x1)-[:P403*0..]->(:Entity{id:'Q203862'})) RETURN p LIMIT 100000,0,TIMEOUT,-1,-1
640,MATCH p=shortestPath((x1)-[:P40*0..]->(:Entity{id:'Q390192'})) RETURN p LIMIT 100000,0,TIMEOUT,-1,-1
641,MATCH p=shortestPath((x1)-[:P40*0..]->(:Entity{id:'Q719846'})) RETURN p LIMIT 100000,0,TIMEOUT,-1,-1
642,MATCH p=shortestPath((x1)-[:P40*0..]->(:Entity{id:'Q748955'})) RETURN p LIMIT 100000,0,TIMEOUT,-1,-1
643,MATCH p=shortestPath((x1)-[:P40*1..]->(:Entity{id:'Q390192'})) RETURN p LIMIT 100000,0,TIMEOUT,-1,-1
644,MATCH p=shortestPath((x1)-[:P40*1..]->(:Entity{id:'Q748955'})) RETURN p LIMIT 100000,0,TIMEOUT,-1,-1
649,MATCH p=shortestPath((x1)-[:P641*0..]->(:Entity{id:'Q3609'})) RETURN p LIMIT 100000,0,TIMEOUT,-1,-1
651,MATCH p=shortestPath((x1)-[:P740]->()-[:P131*0..]->(:Entity{id:'Q25'})) RETURN p LIMIT 100000,0,TIMEOUT,-1,-1
652,MATCH p=shortestPath((x1)-[:P910]->()-[:P31]->(:Entity{id:'Q4167836'})) RETURN p LIMIT 100000,0,TIMEOUT,-1,-1
656,MATCH p=shortestPath((x1)<-[:P22|P25]-(:Entity{id:'Q390192'})) RETURN p LIMIT 100000,0,TIMEOUT,-1,-1
657,MATCH p=shortestPath((x1)<-[:P22|P25]-(:Entity{id:'Q748955'})) RETURN p LIMIT 100000,0,TIMEOUT,-1,-1
658,MATCH p=shortestPath((x1)<-[:P25|P22]-(:Entity{id:'Q390192'})) RETURN p LIMIT 100000,0,TIMEOUT,-1,-1
659,MATCH p=shortestPath((x1)<-[:P25|P22]-(:Entity{id:'Q748955'})) RETURN p LIMIT 100000,0,TIMEOUT,-1,-1
