query_number,query,results,status,exec_time_ms,enum_time_ms,memory_MB
1,MATCH (Q10281806)=[ALL SHORTEST ?p (:P131)*]=>(?x1) RETURN ?p LIMIT 100000,6,OK,240,280,9520.0
2,MATCH (Q11193)=[ALL SHORTEST ?p (:P279)*]=>(?x1) RETURN ?p LIMIT 100000,21,OK,73,76,9570.16
3,MATCH (Q111)=[ALL SHORTEST ?p ((((((:P31/(:P279)?)/(:P279)?)/(:P279)?)/(:P279)?)/(:P279)?)/(:P279)?)]=>(?x1) RETURN ?p LIMIT 100000,20,OK,31,34,9588.16
4,MATCH (Q111)=[ALL SHORTEST ?p ((:P31/:P279)/(:P279)+)]=>(?x1) RETURN ?p LIMIT 100000,39,OK,2,4,9588.16
5,MATCH (Q111)=[ALL SHORTEST ?p (:P31/(:P279)*)]=>(?x1) RETURN ?p LIMIT 100000,41,OK,1,4,9588.16
6,MATCH (Q111)=[ALL SHORTEST ?p (:P31/(:P279)+)]=>(?x1) RETURN ?p LIMIT 100000,40,OK,1,3,9588.16
7,MATCH (Q11629)=[ALL SHORTEST ?p ((:P279/((:P279)*|(:P31)*))|(:P31/((:P279)*|(:P31)*)))]=>(?x1) RETURN ?p LIMIT 100000,71,OK,177,180,9700.27
8,MATCH (Q118146)=[ALL SHORTEST ?p (:P131)*]=>(?x1) RETURN ?p LIMIT 100000,7,OK,23,26,9718.27
9,MATCH (Q11941017)=[ALL SHORTEST ?p (:P131)*]=>(?x1) RETURN ?p LIMIT 100000,6,OK,37,40,9726.27
10,MATCH (Q1236511)=[ALL SHORTEST ?p (:P31/(:P279)*)]=>(?x1) RETURN ?p LIMIT 100000,44,OK,56,59,9756.27
11,MATCH (Q13442814)=[ALL SHORTEST ?p ^:P31]=>(?x1) RETURN ?p LIMIT 100000,100000,OK,257,265,9892.75
12,MATCH (Q1367808)=[ALL SHORTEST ?p (:P131)*]=>(?x1) RETURN ?p LIMIT 100000,6,OK,22,26,9898.75
13,MATCH (Q1502481)=[ALL SHORTEST ?p (:P131)*]=>(?x1) RETURN ?p LIMIT 100000,6,OK,31,34,9902.75
14,MATCH (Q1549583)=[ALL SHORTEST ?p (:P131)*]=>(?x1) RETURN ?p LIMIT 100000,6,OK,39,42,9904.75
15,MATCH (Q15850691)=[ALL SHORTEST ?p (:P131)*]=>(?x1) RETURN ?p LIMIT 100000,6,OK,34,37,9910.75
16,MATCH (Q1625526)=[ALL SHORTEST ?p (:P131)*]=>(?x1) RETURN ?p LIMIT 100000,6,OK,30,33,9910.75
17,MATCH (Q1628288)=[ALL SHORTEST ?p (:P131)*]=>(?x1) RETURN ?p LIMIT 100000,6,OK,10,12,9912.75
18,MATCH (Q1637057)=[ALL SHORTEST ?p (:P131)*]=>(?x1) RETURN ?p LIMIT 100000,6,OK,34,37,9916.75
19,MATCH (Q1644223)=[ALL SHORTEST ?p (:P131)*]=>(?x1) RETURN ?p LIMIT 100000,6,OK,27,30,9916.75
20,MATCH (Q1651871)=[ALL SHORTEST ?p (:P131)*]=>(?x1) RETURN ?p LIMIT 100000,6,OK,23,26,9918.75
21,MATCH (Q1656682)=[ALL SHORTEST ?p ((:P279|:P31)/((:P279)*|(:P31)*))]=>(?x1) RETURN ?p LIMIT 100000,8,OK,26,29,9922.75
22,MATCH (Q1800276)=[ALL SHORTEST ?p (:P131)*]=>(?x1) RETURN ?p LIMIT 100000,7,OK,30,33,9928.75
23,MATCH (Q18003161)=[ALL SHORTEST ?p (:P131)*]=>(?x1) RETURN ?p LIMIT 100000,5,OK,35,38,9932.75
24,MATCH (Q185230)=[ALL SHORTEST ?p (:P171)*]=>(?x1) RETURN ?p LIMIT 100000,104,OK,73,76,9942.75
25,MATCH (Q1971093)=[ALL SHORTEST ?p (:P131)*]=>(?x1) RETURN ?p LIMIT 100000,9,OK,9,12,9944.75
26,MATCH (Q20202327)=[ALL SHORTEST ?p (:P131)*]=>(?x1) RETURN ?p LIMIT 100000,8,OK,38,41,9948.75
27,MATCH (Q20299171)=[ALL SHORTEST ?p (:P131)*]=>(?x1) RETURN ?p LIMIT 100000,4,OK,25,28,9952.75
28,MATCH (Q20304516)=[ALL SHORTEST ?p (:P131)*]=>(?x1) RETURN ?p LIMIT 100000,5,OK,24,27,9954.75
29,MATCH (Q204756)=[ALL SHORTEST ?p (:P131)*]=>(?x1) RETURN ?p LIMIT 100000,5,OK,2,5,9954.75
30,MATCH (Q217230)=[ALL SHORTEST ?p (:P131)*]=>(?x1) RETURN ?p LIMIT 100000,1,OK,1,4,9954.75
31,MATCH (Q21869377)=[ALL SHORTEST ?p (:P131)*]=>(?x1) RETURN ?p LIMIT 100000,6,OK,21,24,9958.75
32,MATCH (Q2315249)=[ALL SHORTEST ?p (:P131)*]=>(?x1) RETURN ?p LIMIT 100000,3,OK,40,43,9960.75
33,MATCH (Q2321874)=[ALL SHORTEST ?p (:P131)*]=>(?x1) RETURN ?p LIMIT 100000,5,OK,29,32,9966.75
34,MATCH (Q23794244)=[ALL SHORTEST ?p (:P131)*]=>(?x1) RETURN ?p LIMIT 100000,21,OK,15,18,9966.75
35,MATCH (Q23826203)=[ALL SHORTEST ?p (:P131)*]=>(?x1) RETURN ?p LIMIT 100000,9,OK,29,32,9966.75
36,MATCH (Q24192592)=[ALL SHORTEST ?p (:P131)*]=>(?x1) RETURN ?p LIMIT 100000,6,OK,24,26,9966.75
37,MATCH (Q257023)=[ALL SHORTEST ?p (:P131)*]=>(?x1) RETURN ?p LIMIT 100000,6,OK,11,14,9966.75
38,MATCH (Q25930719)=[ALL SHORTEST ?p ((:P31|:P279))*]=>(?x1) RETURN ?p LIMIT 100000,278,OK,766,769,9992.75
39,MATCH (Q28733563)=[ALL SHORTEST ?p (:P131)*]=>(?x1) RETURN ?p LIMIT 100000,5,OK,31,34,9992.75
40,MATCH (Q28733587)=[ALL SHORTEST ?p (:P131)*]=>(?x1) RETURN ?p LIMIT 100000,6,OK,29,32,9992.75
41,MATCH (Q28733595)=[ALL SHORTEST ?p (:P131)*]=>(?x1) RETURN ?p LIMIT 100000,7,OK,8,11,9992.75
42,MATCH (Q28733811)=[ALL SHORTEST ?p (:P131)*]=>(?x1) RETURN ?p LIMIT 100000,5,OK,9,12,9992.75
43,MATCH (Q28734638)=[ALL SHORTEST ?p (:P131)*]=>(?x1) RETURN ?p LIMIT 100000,7,OK,22,25,9992.75
44,MATCH (Q28734951)=[ALL SHORTEST ?p (:P131)*]=>(?x1) RETURN ?p LIMIT 100000,7,OK,33,36,9992.75
45,MATCH (Q28738934)=[ALL SHORTEST ?p (:P131)*]=>(?x1) RETURN ?p LIMIT 100000,7,OK,31,34,9992.75
46,MATCH (Q28738935)=[ALL SHORTEST ?p (:P131)*]=>(?x1) RETURN ?p LIMIT 100000,7,OK,7,10,9992.75
47,MATCH (Q28738964)=[ALL SHORTEST ?p (:P131)*]=>(?x1) RETURN ?p LIMIT 100000,7,OK,30,32,9992.75
48,MATCH (Q29018634)=[ALL SHORTEST ?p (:P131)*]=>(?x1) RETURN ?p LIMIT 100000,7,OK,36,39,9992.75
49,MATCH (Q29871816)=[ALL SHORTEST ?p (:P131)*]=>(?x1) RETURN ?p LIMIT 100000,4,OK,48,51,9992.75
50,MATCH (Q29872961)=[ALL SHORTEST ?p (:P131)*]=>(?x1) RETURN ?p LIMIT 100000,4,OK,10,14,9992.75
51,MATCH (Q29872979)=[ALL SHORTEST ?p (:P131)*]=>(?x1) RETURN ?p LIMIT 100000,4,OK,7,10,9992.75
52,MATCH (Q29873614)=[ALL SHORTEST ?p (:P131)*]=>(?x1) RETURN ?p LIMIT 100000,4,OK,16,19,9992.75
53,MATCH (Q29873624)=[ALL SHORTEST ?p (:P131)*]=>(?x1) RETURN ?p LIMIT 100000,4,OK,7,10,9992.75
54,MATCH (Q29874692)=[ALL SHORTEST ?p (:P131)*]=>(?x1) RETURN ?p LIMIT 100000,4,OK,5,8,9992.75
55,MATCH (Q29875500)=[ALL SHORTEST ?p (:P131)*]=>(?x1) RETURN ?p LIMIT 100000,4,OK,19,22,9992.75
56,MATCH (Q29875661)=[ALL SHORTEST ?p (:P131)*]=>(?x1) RETURN ?p LIMIT 100000,4,OK,9,12,9992.75
57,MATCH (Q29884672)=[ALL SHORTEST ?p (:P131)*]=>(?x1) RETURN ?p LIMIT 100000,4,OK,6,9,9994.75
58,MATCH (Q2)=[ALL SHORTEST ?p ((((((:P31/(:P279)?)/(:P279)?)/(:P279)?)/(:P279)?)/(:P279)?)/(:P279)?)]=>(?x1) RETURN ?p LIMIT 100000,21,OK,15,18,9994.75
59,MATCH (Q2)=[ALL SHORTEST ?p ((:P31/:P279)/(:P279)+)]=>(?x1) RETURN ?p LIMIT 100000,18,OK,1,4,9994.75
60,MATCH (Q2)=[ALL SHORTEST ?p (:P31/(:P279)*)]=>(?x1) RETURN ?p LIMIT 100000,21,OK,1,4,9994.75
61,MATCH (Q2)=[ALL SHORTEST ?p (:P31/(:P279)+)]=>(?x1) RETURN ?p LIMIT 100000,20,OK,1,3,9994.75
62,MATCH (Q3044)=[ALL SHORTEST ?p (:P40)*]=>(?x1) RETURN ?p LIMIT 100000,100000,OK,1768,1792,10012.51
63,MATCH (Q3044)=[ALL SHORTEST ?p (:P40/(:P40)*)]=>(Q8016) RETURN ?p LIMIT 100000,23,OK,851,855,10044.56
64,MATCH (Q30)=[ALL SHORTEST ?p (:P31/(:P279)*)]=>(?x1) RETURN ?p LIMIT 100000,160,OK,51,54,10044.56
65,MATCH (Q326313)=[ALL SHORTEST ?p (:P131)*]=>(?x1) RETURN ?p LIMIT 100000,6,OK,11,14,10044.56
66,MATCH (Q328046)=[ALL SHORTEST ?p (:P131)*]=>(?x1) RETURN ?p LIMIT 100000,6,OK,2,5,10044.56
67,MATCH (Q3454165)=[ALL SHORTEST ?p ((^:P161/:P161))+]=>(?x1) RETURN ?p LIMIT 100000,100000,OK,1007,1017,10051.54
68,MATCH (Q34644785)=[ALL SHORTEST ?p (:P131)*]=>(?x1) RETURN ?p LIMIT 100000,4,OK,49,53,10051.54
69,MATCH (Q35001555)=[ALL SHORTEST ?p (:P131)*]=>(?x1) RETURN ?p LIMIT 100000,4,OK,29,32,10051.54
70,MATCH (Q3582579)=[ALL SHORTEST ?p (:P131)*]=>(?x1) RETURN ?p LIMIT 100000,4,OK,49,52,10051.54
71,MATCH (Q38133595)=[ALL SHORTEST ?p (:P131)*]=>(?x1) RETURN ?p LIMIT 100000,2,OK,53,56,10051.54
72,MATCH (Q390192)=[ALL SHORTEST ?p ^(:P40)*]=>(?x1) RETURN ?p LIMIT 100000,74692,OK,1806,1829,10065.57
73,MATCH (Q3947)=[ALL SHORTEST ?p (:P279)*]=>(?x1) RETURN ?p LIMIT 100000,40,OK,2,5,10065.57
74,MATCH (Q41259536)=[ALL SHORTEST ?p (:P131)*]=>(?x1) RETURN ?p LIMIT 100000,7,OK,100,103,10065.57
75,MATCH (Q41321217)=[ALL SHORTEST ?p (:P131)*]=>(?x1) RETURN ?p LIMIT 100000,6,OK,29,32,10065.57
76,MATCH (Q41323003)=[ALL SHORTEST ?p (:P131)*]=>(?x1) RETURN ?p LIMIT 100000,6,OK,30,33,10065.57
77,MATCH (Q41353339)=[ALL SHORTEST ?p (:P131)*]=>(?x1) RETURN ?p LIMIT 100000,6,OK,29,32,10065.57
78,MATCH (Q41354164)=[ALL SHORTEST ?p (:P131)*]=>(?x1) RETURN ?p LIMIT 100000,6,OK,32,35,10065.57
79,MATCH (Q41411042)=[ALL SHORTEST ?p (:P131)*]=>(?x1) RETURN ?p LIMIT 100000,5,OK,26,29,10065.57
80,MATCH (Q41417942)=[ALL SHORTEST ?p (:P131)*]=>(?x1) RETURN ?p LIMIT 100000,5,OK,12,14,10065.57
81,MATCH (Q4176)=[ALL SHORTEST ?p (:P31/:P279)]=>(Q16970) RETURN ?p LIMIT 100000,0,OK,483,486,10075.04
82,MATCH (Q4235)=[ALL SHORTEST ?p (((((:P31/(:P279)?)/(:P279)?)/(:P279)?)/(:P279)?)/(:P279)?)]=>(?x1) RETURN ?p LIMIT 100000,22,OK,26,29,10075.04
83,MATCH (Q428811)=[ALL SHORTEST ?p (:P131)*]=>(?x1) RETURN ?p LIMIT 100000,5,OK,2,5,10075.04
84,MATCH (Q46)=[ALL SHORTEST ?p (:P31/(:P279)*)]=>(?x1) RETURN ?p LIMIT 100000,38,OK,37,40,10075.04
85,MATCH (Q480656)=[ALL SHORTEST ?p (:P131)*]=>(?x1) RETURN ?p LIMIT 100000,7,OK,15,18,10075.04
86,MATCH (Q480801)=[ALL SHORTEST ?p (:P131)*]=>(?x1) RETURN ?p LIMIT 100000,7,OK,1,4,10075.04
87,MATCH (Q481074)=[ALL SHORTEST ?p (:P131)*]=>(?x1) RETURN ?p LIMIT 100000,5,OK,5,8,10075.04
88,MATCH (Q481075)=[ALL SHORTEST ?p (:P131)*]=>(?x1) RETURN ?p LIMIT 100000,5,OK,1,4,10075.04
89,MATCH (Q481120)=[ALL SHORTEST ?p (:P131)*]=>(?x1) RETURN ?p LIMIT 100000,7,OK,1,4,10075.04
90,MATCH (Q518801)=[ALL SHORTEST ?p (:P131)*]=>(?x1) RETURN ?p LIMIT 100000,6,OK,1,4,10075.04
91,MATCH (Q582379)=[ALL SHORTEST ?p (:P131)*]=>(?x1) RETURN ?p LIMIT 100000,1,OK,14,18,10075.04
92,MATCH (Q5964731)=[ALL SHORTEST ?p (:P131)*]=>(?x1) RETURN ?p LIMIT 100000,6,OK,30,33,10075.04
93,MATCH (Q5)=[ALL SHORTEST ?p ((:P279/((:P279)*|(:P31)*))|(:P31/((:P279)*|(:P31)*)))]=>(?x1) RETURN ?p LIMIT 100000,34,OK,29,33,10075.04
94,MATCH (Q5)=[ALL SHORTEST ?p ((:P279|:P31)/((:P279)*|(:P31)*))]=>(?x1) RETURN ?p LIMIT 100000,34,OK,1,4,10075.04
95,MATCH (Q5)=[ALL SHORTEST ?p (:P279/((:P279)*|(:P31)*))]=>(?x1) RETURN ?p LIMIT 100000,24,OK,1,4,10075.04
96,MATCH (Q640191)=[ALL SHORTEST ?p (:P131)*]=>(?x1) RETURN ?p LIMIT 100000,5,OK,1,4,10075.04
97,MATCH (Q64)=[ALL SHORTEST ?p ((:P31)*/(:P279)*)]=>(Q811430) RETURN ?p LIMIT 100000,1,OK,116,119,10075.04
98,MATCH (Q64)=[ALL SHORTEST ?p (:P31/(:P279)*)]=>(Q811430) RETURN ?p LIMIT 100000,1,OK,1,4,10075.04
99,MATCH (Q6661223)=[ALL SHORTEST ?p (:P131)*]=>(?x1) RETURN ?p LIMIT 100000,4,OK,36,38,10075.04
100,MATCH (Q7075)=[ALL SHORTEST ?p (:P279)*]=>(?x1) RETURN ?p LIMIT 100000,60,OK,10,12,10075.04
101,MATCH (Q7187)=[ALL SHORTEST ?p ((:P279/((:P279)*|(:P31)*))|(:P31/((:P279)*|(:P31)*)))]=>(?x1) RETURN ?p LIMIT 100000,18,OK,23,26,10075.04
102,MATCH (Q748955)=[ALL SHORTEST ?p ^(:P40)*]=>(?x1) RETURN ?p LIMIT 100000,99834,OK,1553,1582,10076.57
103,MATCH (Q780438)=[ALL SHORTEST ?p (:P131)*]=>(?x1) RETURN ?p LIMIT 100000,5,OK,2,5,10076.57
104,MATCH (Q80484)=[ALL SHORTEST ?p ((:P131)+/(:P17)*)]=>(Q145) RETURN ?p LIMIT 100000,0,OK,27,31,10076.57
105,MATCH (Q80484)=[ALL SHORTEST ?p ((:P131)+/(:P17)+)]=>(Q145) RETURN ?p LIMIT 100000,0,OK,1,4,10076.57
106,MATCH (Q81328)=[ALL SHORTEST ?p (((((:P31/(:P279)?)/(:P279)?)/(:P279)?)/(:P279)?)/(:P279)?)]=>(?x1) RETURN ?p LIMIT 100000,22,OK,5,8,10076.57
107,MATCH (Q8255504)=[ALL SHORTEST ?p (:P131)*]=>(?x1) RETURN ?p LIMIT 100000,5,OK,27,29,10076.57
108,MATCH (Q835125)=[ALL SHORTEST ?p (:P31/(:P279)*)]=>(?x1) RETURN ?p LIMIT 100000,89,OK,2,4,10076.57
109,MATCH (Q894219)=[ALL SHORTEST ?p (:P131)*]=>(?x1) RETURN ?p LIMIT 100000,5,OK,1,4,10076.57
110,MATCH (Q93633)=[ALL SHORTEST ?p (:P131)*]=>(?x1) RETURN ?p LIMIT 100000,3,OK,1,4,10076.57
111,MATCH (Q939035)=[ALL SHORTEST ?p (:P131)*]=>(?x1) RETURN ?p LIMIT 100000,6,OK,1,4,10076.57
112,MATCH (Q994059)=[ALL SHORTEST ?p (:P131)*]=>(?x1) RETURN ?p LIMIT 100000,5,OK,10,13,10076.57
113,MATCH (Q998351)=[ALL SHORTEST ?p (:P131)*]=>(?x1) RETURN ?p LIMIT 100000,5,OK,1,4,10076.57
114,MATCH (?x1)=[ALL SHORTEST ?p (((((((((((:P19|:P159)|:P740)|:P551)|:P27)|:P1416)|:P276)|:P131)|:P115)|:P1532)|(:P17/(:P131)*)))*]=>(Q858) RETURN ?p LIMIT 100000,23662,OK,7871,7875,10108.84
115,MATCH (?x1)=[ALL SHORTEST ?p (((((((((:P171|:P273)|:P75)|:P76)|:P77)|:P70)|:P71)|:P74)|:P89))*]=>(Q729) RETURN ?p LIMIT 100000,100000,OK,1994,2009,10131.82
116,MATCH (?x1)=[ALL SHORTEST ?p (((((:P279/:P279)/:P279)/:P279)/:P279)/:P279)]=>(?x1) RETURN ?p LIMIT 100000,0,TIMEOUT,-1,-1,10307.5
117,MATCH (?x1)=[ALL SHORTEST ?p (((((:P31/:P279)/:P279)/:P279)/:P279)/:P279)]=>(?x1) RETURN ?p LIMIT 100000,0,TIMEOUT,-1,-1,11048.61
118,MATCH (?x1)=[ALL SHORTEST ?p (((((:P37|:P103)|:P364)|:P407)|:P1412)|:P2439)]=>(?x2) RETURN ?p LIMIT 100000,100000,OK,582,588,11059.6
119,MATCH (?x1)=[ALL SHORTEST ?p ((((:P131)*/(:P17)?)/(:P30)?)/(:P361)?)]=>(Q48) RETURN ?p LIMIT 100000,100000,OK,307,315,11072.94
120,MATCH (?x1)=[ALL SHORTEST ?p ((((:P22|:P25)|:P40)|:P1038)|:P3373)]=>(?x2) RETURN ?p LIMIT 100000,100000,OK,1334,1342,11097.92
121,MATCH (?x1)=[ALL SHORTEST ?p ((((:P279/:P279)/:P279)/:P279)/:P279)]=>(?x1) RETURN ?p LIMIT 100000,0,OK,48667,48671,11168.5
122,MATCH (?x1)=[ALL SHORTEST ?p ((((:P31/:P279)/:P279)/:P279)/:P279)]=>(?x1) RETURN ?p LIMIT 100000,0,TIMEOUT,-1,-1,11689.08
123,MATCH (?x1)=[ALL SHORTEST ?p (((:P106|:P39)|:P31)/(:P279)*)]=>(Q488383) RETURN ?p LIMIT 100000,100000,OK,406,413,11698.62
124,MATCH (?x1)=[ALL SHORTEST ?p (((:P106|:P39)|:P31)/(:P279)*)]=>(Q515) RETURN ?p LIMIT 100000,29368,OK,501,506,11703.69
125,MATCH (?x1)=[ALL SHORTEST ?p (((:P106|:P39)|:P31)/(:P279)*)]=>(Q5) RETURN ?p LIMIT 100000,100000,OK,145,150,11713.22
126,MATCH (?x1)=[ALL SHORTEST ?p (((:P106|:P39)|:P31)/(:P279)*)]=>(Q8502) RETURN ?p LIMIT 100000,100000,OK,145,151,11723.72
127,MATCH (?x1)=[ALL SHORTEST ?p (((:P1142)*/(:P1387)*)/(:P361)*)]=>(Q7264) RETURN ?p LIMIT 100000,276,OK,145,149,11723.72
128,MATCH (?x1)=[ALL SHORTEST ?p (((:P131)+|(:P361)+)|(:P279)+)]=>(?x2) RETURN ?p LIMIT 100000,100000,OK,2489,2499,11737.72
129,MATCH (?x1)=[ALL SHORTEST ?p (((:P131|(:P131/:P131))|((:P131/:P131)/:P131))|(((:P131/:P131)/:P131)/:P131))]=>(Q985) RETURN ?p LIMIT 100000,50292,OK,1590,1597,11751.38
130,MATCH (?x1)=[ALL SHORTEST ?p (((:P25)*/(:P22)*)|^(:P40)*)]=>(?x2) RETURN ?p LIMIT 100000,100000,OK,1126,1151,11751.38
131,MATCH (?x1)=[ALL SHORTEST ?p (((:P31)*/(:P279)*))+]=>(Q268592) RETURN ?p LIMIT 100000,100000,OK,238,245,11759.11
132,MATCH (?x1)=[ALL SHORTEST ?p (((:P31)*|(:P131)*)/(:P279)*)]=>(Q618123) RETURN ?p LIMIT 100000,100000,OK,218,225,11770.45
133,MATCH (?x1)=[ALL SHORTEST ?p (((:P31/:P31)/:P31)/:P31)]=>(?x2) RETURN ?p LIMIT 100000,100000,OK,10250,10260,11800.77
134,MATCH (?x1)=[ALL SHORTEST ?p ((:P101|:P425)|:P641)]=>(?x2) RETURN ?p LIMIT 100000,100000,OK,623,631,11817.52
135,MATCH (?x1)=[ALL SHORTEST ?p ((:P106/(:P279)*)/(:P279)*)]=>(Q483501) RETURN ?p LIMIT 100000,100000,OK,214,220,11827.5
136,MATCH (?x1)=[ALL SHORTEST ?p ((:P131)*/:P17)]=>(Q145) RETURN ?p LIMIT 100000,100000,OK,137,142,11827.5
137,MATCH (?x1)=[ALL SHORTEST ?p ((:P131)*/:P17)]=>(Q43) RETURN ?p LIMIT 100000,79908,OK,807,812,11837.5
138,MATCH (?x1)=[ALL SHORTEST ?p ((:P131)*/^:P527)]=>(Q47588) RETURN ?p LIMIT 100000,25297,OK,716,722,11841.55
139,MATCH (?x1)=[ALL SHORTEST ?p ((:P131)+|:P276)]=>(Q183) RETURN ?p LIMIT 100000,100000,OK,588,595,11856.61
140,MATCH (?x1)=[ALL SHORTEST ?p ((:P136/(:P31)?)/(:P279)*)]=>(Q134307) RETURN ?p LIMIT 100000,100000,OK,240,246,11867.62
141,MATCH (?x1)=[ALL SHORTEST ?p ((:P1376)*/(:P1376)*)]=>(?x2) RETURN ?p LIMIT 100000,100000,OK,353,359,11869.62
142,MATCH (?x1)=[ALL SHORTEST ?p ((:P1647)*/:P767)]=>(?x2) RETURN ?p LIMIT 100000,39291,OK,236,241,11871.88
143,MATCH (?x1)=[ALL SHORTEST ?p ((:P17)*/:P17)]=>(?x2) RETURN ?p LIMIT 100000,100000,OK,805,812,11873.88
144,MATCH (?x1)=[ALL SHORTEST ?p ((:P17|:P131))*]=>(Q12709) RETURN ?p LIMIT 100000,6185,OK,457,461,11873.88
145,MATCH (?x1)=[ALL SHORTEST ?p ((:P17|:P131))*]=>(Q37) RETURN ?p LIMIT 100000,41939,OK,784,789,11877.88
146,MATCH (?x1)=[ALL SHORTEST ?p ((:P180/(:P31)?)/(:P279)*)]=>(Q3314483) RETURN ?p LIMIT 100000,2276,OK,245,249,11877.88
147,MATCH (?x1)=[ALL SHORTEST ?p ((:P19/(:P131)*)/^:P527)]=>(Q47588) RETURN ?p LIMIT 100000,18813,OK,492,497,11883.74
148,MATCH (?x1)=[ALL SHORTEST ?p ((:P19|:P20)|:P551)]=>(Q1741) RETURN ?p LIMIT 100000,49545,OK,134,138,11890.11
149,MATCH (?x1)=[ALL SHORTEST ?p ((:P19|:P20)|:P551)]=>(Q90) RETURN ?p LIMIT 100000,57855,OK,82,87,11890.11
150,MATCH (?x1)=[ALL SHORTEST ?p ((:P2048|:P2046)|:P1083)]=>(?x2) RETURN ?p LIMIT 100000,66,OK,64,67,11890.11
151,MATCH (?x1)=[ALL SHORTEST ?p ((:P25)*/(:P22)*)]=>(?x1) RETURN ?p LIMIT 100000,100000,OK,143,149,11890.11
152,MATCH (?x1)=[ALL SHORTEST ?p ((:P25|:P22))+]=>(?x2) RETURN ?p LIMIT 100000,100000,OK,1356,1382,11890.88
153,MATCH (?x1)=[ALL SHORTEST ?p ((:P276)*/(:P17)*)]=>(Q29) RETURN ?p LIMIT 100000,100000,OK,154,160,11894.92
154,MATCH (?x1)=[ALL SHORTEST ?p ((:P279)*/:P425)]=>(?x2) RETURN ?p LIMIT 100000,100000,OK,370,380,11896.2
155,MATCH (?x1)=[ALL SHORTEST ?p ((:P279)+|(:P31/(:P279)*))]=>(Q24229398) RETURN ?p LIMIT 100000,100000,OK,296,304,11898.01
156,MATCH (?x1)=[ALL SHORTEST ?p ((:P279/(:P31)*))+]=>(Q12737077) RETURN ?p LIMIT 100000,100000,OK,314,323,11901.36
157,MATCH (?x1)=[ALL SHORTEST ?p ((:P279|:P131))*]=>(Q11424) RETURN ?p LIMIT 100000,523,OK,227,231,11901.36
158,MATCH (?x1)=[ALL SHORTEST ?p ((:P279|:P131))*]=>(Q12280) RETURN ?p LIMIT 100000,260,OK,49,53,11901.36
159,MATCH (?x1)=[ALL SHORTEST ?p ((:P279|:P131))*]=>(Q13406554) RETURN ?p LIMIT 100000,11733,OK,707,711,11905.36
160,MATCH (?x1)=[ALL SHORTEST ?p ((:P279|:P131))*]=>(Q142) RETURN ?p LIMIT 100000,100000,OK,451,461,11917.02
161,MATCH (?x1)=[ALL SHORTEST ?p ((:P279|:P131))*]=>(Q16) RETURN ?p LIMIT 100000,100000,OK,192,199,11917.27
162,MATCH (?x1)=[ALL SHORTEST ?p ((:P279|:P131))*]=>(Q1726) RETURN ?p LIMIT 100000,12121,OK,145,148,11918.04
163,MATCH (?x1)=[ALL SHORTEST ?p ((:P279|:P131))*]=>(Q18340514) RETURN ?p LIMIT 100000,20,OK,22,26,11918.04
164,MATCH (?x1)=[ALL SHORTEST ?p ((:P279|:P131))*]=>(Q2055046) RETURN ?p LIMIT 100000,10,OK,12,15,11918.04
165,MATCH (?x1)=[ALL SHORTEST ?p ((:P279|:P131))*]=>(Q2065736) RETURN ?p LIMIT 100000,1653,OK,60,63,11920.04
166,MATCH (?x1)=[ALL SHORTEST ?p ((:P279|:P131))*]=>(Q2487799) RETURN ?p LIMIT 100000,3,OK,9,12,11920.04
167,MATCH (?x1)=[ALL SHORTEST ?p ((:P279|:P131))*]=>(Q30) RETURN ?p LIMIT 100000,100000,OK,204,211,11920.3
168,MATCH (?x1)=[ALL SHORTEST ?p ((:P279|:P131))*]=>(Q35120) RETURN ?p LIMIT 100000,100000,OK,717,729,11926.3
169,MATCH (?x1)=[ALL SHORTEST ?p ((:P279|:P131))*]=>(Q36) RETURN ?p LIMIT 100000,100000,OK,388,397,11935.52
170,MATCH (?x1)=[ALL SHORTEST ?p ((:P279|:P131))*]=>(Q3908) RETURN ?p LIMIT 100000,24642,OK,150,155,11874.48
171,MATCH (?x1)=[ALL SHORTEST ?p ((:P279|:P131))*]=>(Q39715) RETURN ?p LIMIT 100000,46,OK,1,5,11874.48
172,MATCH (?x1)=[ALL SHORTEST ?p ((:P279|:P131))*]=>(Q40840) RETURN ?p LIMIT 100000,2075,OK,7,11,11874.48
173,MATCH (?x1)=[ALL SHORTEST ?p ((:P279|:P131))*]=>(Q456) RETURN ?p LIMIT 100000,4287,OK,29,32,11874.48
174,MATCH (?x1)=[ALL SHORTEST ?p ((:P279|:P131))*]=>(Q476028) RETURN ?p LIMIT 100000,6,OK,1,4,11874.48
175,MATCH (?x1)=[ALL SHORTEST ?p ((:P279|:P131))*]=>(Q5372) RETURN ?p LIMIT 100000,20,OK,1,5,11874.48
176,MATCH (?x1)=[ALL SHORTEST ?p ((:P279|:P131))*]=>(Q77141) RETURN ?p LIMIT 100000,1,OK,1,4,11874.48
177,MATCH (?x1)=[ALL SHORTEST ?p ((:P279|:P131))*]=>(Q7880) RETURN ?p LIMIT 100000,5478,OK,17,20,11874.48
178,MATCH (?x1)=[ALL SHORTEST ?p ((:P279|:P131))*]=>(Q811979) RETURN ?p LIMIT 100000,15221,OK,233,238,11876.48
179,MATCH (?x1)=[ALL SHORTEST ?p ((:P279|:P131))*]=>(Q916475) RETURN ?p LIMIT 100000,7,OK,1,4,11876.48
180,MATCH (?x1)=[ALL SHORTEST ?p ((:P31)*/(:P279)*)]=>(Q154) RETURN ?p LIMIT 100000,11007,OK,56,61,11876.48
181,MATCH (?x1)=[ALL SHORTEST ?p ((:P31)*/(:P279)*)]=>(Q355304) RETURN ?p LIMIT 100000,100000,OK,138,143,11883.95
182,MATCH (?x1)=[ALL SHORTEST ?p ((:P31)*/(:P279)*)]=>(Q486972) RETURN ?p LIMIT 100000,100000,OK,149,155,11895.23
183,MATCH (?x1)=[ALL SHORTEST ?p ((:P31)*/(:P279)*)]=>(Q56061) RETURN ?p LIMIT 100000,100000,OK,212,219,11902.19
184,MATCH (?x1)=[ALL SHORTEST ?p ((:P31)*/(:P279)*)]=>(Q5) RETURN ?p LIMIT 100000,100000,OK,122,128,11902.19
185,MATCH (?x1)=[ALL SHORTEST ?p ((:P31)*/(:P279)*)]=>(Q618123) RETURN ?p LIMIT 100000,100000,OK,186,192,11904.0
186,MATCH (?x1)=[ALL SHORTEST ?p ((:P31)*/(:P279)*)]=>(Q931260) RETURN ?p LIMIT 100000,25,OK,1,4,11904.0
187,MATCH (?x1)=[ALL SHORTEST ?p ((:P31)*|(:P279)*)]=>(?x2) RETURN ?p LIMIT 100000,100000,OK,474,487,11904.0
188,MATCH (?x1)=[ALL SHORTEST ?p ((:P31)+/(:P279)+)]=>(Q7397) RETURN ?p LIMIT 100000,100000,OK,355,364,11904.0
189,MATCH (?x1)=[ALL SHORTEST ?p ((:P31)?/(:P279)*)]=>(Q105210) RETURN ?p LIMIT 100000,520,OK,3,7,11904.0
190,MATCH (?x1)=[ALL SHORTEST ?p ((:P31)?/(:P279)*)]=>(Q23397) RETURN ?p LIMIT 100000,100000,OK,144,149,11913.27
191,MATCH (?x1)=[ALL SHORTEST ?p ((:P31)?/(:P279)*)]=>(Q47574) RETURN ?p LIMIT 100000,7752,OK,21,24,11913.27
192,MATCH (?x1)=[ALL SHORTEST ?p ((:P31)?/(:P279)*)]=>(Q5) RETURN ?p LIMIT 100000,100000,OK,123,128,11913.27
193,MATCH (?x1)=[ALL SHORTEST ?p ((:P31)?/(:P279)+)]=>(Q11862829) RETURN ?p LIMIT 100000,64104,OK,318,328,11913.27
194,MATCH (?x1)=[ALL SHORTEST ?p ((:P31/(:P279)*)|(:P106/(:P279)*))]=>(Q5) RETURN ?p LIMIT 100000,100000,OK,117,123,11913.27
195,MATCH (?x1)=[ALL SHORTEST ?p ((:P31/(:P279)*)|(:P279)*)]=>(Q214609) RETURN ?p LIMIT 100000,100000,OK,233,240,11913.27
196,MATCH (?x1)=[ALL SHORTEST ?p ((:P31/(:P279)*)|:P106)]=>(?x2) RETURN ?p LIMIT 100000,100000,OK,368,378,11913.27
197,MATCH (?x1)=[ALL SHORTEST ?p ((:P31/:P279))*]=>(Q11032) RETURN ?p LIMIT 100000,13861,OK,37,41,11914.81
198,MATCH (?x1)=[ALL SHORTEST ?p ((:P31/:P279))*]=>(Q16466010) RETURN ?p LIMIT 100000,9108,OK,37,41,11914.81
199,MATCH (?x1)=[ALL SHORTEST ?p ((:P31/:P31)/(:P279)*)]=>(Q17442446) RETURN ?p LIMIT 100000,100000,OK,14513,14521,12577.73
200,MATCH (?x1)=[ALL SHORTEST ?p ((:P31/:P31)/(:P31)+)]=>(?x1) RETURN ?p LIMIT 100000,0,TIMEOUT,-1,-1,12679.37
201,MATCH (?x1)=[ALL SHORTEST ?p ((:P31/:P31)/(:P31)+)]=>(?x2) RETURN ?p LIMIT 100000,100000,OK,549,561,12679.37
202,MATCH (?x1)=[ALL SHORTEST ?p ((:P31/:P31)/:P279)]=>(Q17442446) RETURN ?p LIMIT 100000,100000,OK,14146,14155,13297.47
203,MATCH (?x1)=[ALL SHORTEST ?p ((:P31|:P106)/(:P279)*)]=>(Q1062083) RETURN ?p LIMIT 100000,754,OK,43,47,13297.47
204,MATCH (?x1)=[ALL SHORTEST ?p ((:P31|:P279))*]=>(Q215627) RETURN ?p LIMIT 100000,100000,OK,155,163,13297.47
205,MATCH (?x1)=[ALL SHORTEST ?p ((:P31|:P279))+]=>(Q12737077) RETURN ?p LIMIT 100000,100000,OK,265,273,13297.47
206,MATCH (?x1)=[ALL SHORTEST ?p ((:P31|:P279))+]=>(Q21146257) RETURN ?p LIMIT 100000,100000,OK,229,236,13302.89
207,MATCH (?x1)=[ALL SHORTEST ?p ((:P31|:P279))+]=>(?x1) RETURN ?p LIMIT 100000,0,TIMEOUT,-1,-1,13324.89
208,MATCH (?x1)=[ALL SHORTEST ?p ((:P361)*/(:P131)*)]=>(Q5061) RETURN ?p LIMIT 100000,14547,OK,378,382,13327.66
209,MATCH (?x1)=[ALL SHORTEST ?p ((:P361|:P179))*]=>(Q83367) RETURN ?p LIMIT 100000,3024,OK,143,147,13329.66
210,MATCH (?x1)=[ALL SHORTEST ?p ((:P460|:P2888)|:P2959)]=>(?x2) RETURN ?p LIMIT 100000,100000,OK,437,444,13331.66
211,MATCH (?x1)=[ALL SHORTEST ?p ((:P50/(:P279)*)/:P31)]=>(?x2) RETURN ?p LIMIT 100000,100000,OK,30265,30274,13365.66
212,MATCH (?x1)=[ALL SHORTEST ?p ((:P50/:P31)/(:P279)+)]=>(Q386724) RETURN ?p LIMIT 100000,0,TIMEOUT,-1,-1,17482.28
213,MATCH (?x1)=[ALL SHORTEST ?p ((^(:P279)*/^(:P31)?)/:P17)]=>(Q183) RETURN ?p LIMIT 100000,100000,OK,151,157,17487.09
214,MATCH (?x1)=[ALL SHORTEST ?p (:P101|:P425)]=>(?x2) RETURN ?p LIMIT 100000,100000,OK,379,386,17487.09
215,MATCH (?x1)=[ALL SHORTEST ?p (:P1050/((:P31/(:P279)*))*)]=>(Q194101) RETURN ?p LIMIT 100000,153,OK,51,54,17487.09
216,MATCH (?x1)=[ALL SHORTEST ?p (:P105)*]=>(Q7432) RETURN ?p LIMIT 100000,100000,OK,144,150,17487.09
217,MATCH (?x1)=[ALL SHORTEST ?p (:P106)*]=>(Q177220) RETURN ?p LIMIT 100000,100000,OK,151,156,17496.31
218,MATCH (?x1)=[ALL SHORTEST ?p (:P106)*]=>(Q482980) RETURN ?p LIMIT 100000,44951,OK,376,381,17498.31
219,MATCH (?x1)=[ALL SHORTEST ?p (:P106)*]=>(Q82955) RETURN ?p LIMIT 100000,100000,OK,129,135,17500.31
220,MATCH (?x1)=[ALL SHORTEST ?p (:P106/(:P279)*)]=>(Q1028181) RETURN ?p LIMIT 100000,100000,OK,160,168,17500.82
221,MATCH (?x1)=[ALL SHORTEST ?p (:P106/(:P279)*)]=>(Q15220429) RETURN ?p LIMIT 100000,0,OK,11,15,17500.82
222,MATCH (?x1)=[ALL SHORTEST ?p (:P106/(:P279)*)]=>(Q177220) RETURN ?p LIMIT 100000,100000,OK,141,147,17500.82
223,MATCH (?x1)=[ALL SHORTEST ?p (:P106/(:P279)*)]=>(Q2066131) RETURN ?p LIMIT 100000,100000,OK,239,247,17502.82
224,MATCH (?x1)=[ALL SHORTEST ?p (:P106/(:P279)*)]=>(Q3391743) RETURN ?p LIMIT 100000,100000,OK,3072,3080,17502.82
225,MATCH (?x1)=[ALL SHORTEST ?p (:P106/(:P279)*)]=>(Q33999) RETURN ?p LIMIT 100000,100000,OK,132,139,17503.08
226,MATCH (?x1)=[ALL SHORTEST ?p (:P106/(:P279)*)]=>(Q3455803) RETURN ?p LIMIT 100000,100000,OK,216,223,17505.08
227,MATCH (?x1)=[ALL SHORTEST ?p (:P106/(:P279)*)]=>(Q483501) RETURN ?p LIMIT 100000,100000,OK,165,172,17505.08
228,MATCH (?x1)=[ALL SHORTEST ?p (:P106/(:P279)*)]=>(Q639669) RETURN ?p LIMIT 100000,100000,OK,160,166,17505.08
229,MATCH (?x1)=[ALL SHORTEST ?p (:P106/(:P279)*)]=>(Q82594) RETURN ?p LIMIT 100000,10636,OK,30,34,17505.08
230,MATCH (?x1)=[ALL SHORTEST ?p (:P106/(:P279)*)]=>(Q82955) RETURN ?p LIMIT 100000,100000,OK,131,137,17508.94
231,MATCH (?x1)=[ALL SHORTEST ?p (:P106/(:P279)*)]=>(?x2) RETURN ?p LIMIT 100000,100000,OK,457,470,17508.94
232,MATCH (?x1)=[ALL SHORTEST ?p (:P106/(:P279)+)]=>(Q33999) RETURN ?p LIMIT 100000,100000,OK,204,211,17511.2
233,MATCH (?x1)=[ALL SHORTEST ?p (:P106/:P279)]=>(Q639669) RETURN ?p LIMIT 100000,100000,OK,184,191,17517.64
234,MATCH (?x1)=[ALL SHORTEST ?p (:P131)*]=>(Q1055) RETURN ?p LIMIT 100000,10702,OK,175,179,17517.64
235,MATCH (?x1)=[ALL SHORTEST ?p (:P131)*]=>(Q108047) RETURN ?p LIMIT 100000,1583,OK,11,14,17517.64
236,MATCH (?x1)=[ALL SHORTEST ?p (:P131)*]=>(Q108053) RETURN ?p LIMIT 100000,2143,OK,51,55,17517.64
237,MATCH (?x1)=[ALL SHORTEST ?p (:P131)*]=>(Q108093) RETURN ?p LIMIT 100000,903,OK,12,15,17517.64
238,MATCH (?x1)=[ALL SHORTEST ?p (:P131)*]=>(Q108106) RETURN ?p LIMIT 100000,1174,OK,11,14,17517.64
239,MATCH (?x1)=[ALL SHORTEST ?p (:P131)*]=>(Q1196) RETURN ?p LIMIT 100000,23397,OK,309,313,17517.64
240,MATCH (?x1)=[ALL SHORTEST ?p (:P131)*]=>(Q1197) RETURN ?p LIMIT 100000,40317,OK,345,351,17519.64
241,MATCH (?x1)=[ALL SHORTEST ?p (:P131)*]=>(Q1198) RETURN ?p LIMIT 100000,58779,OK,350,357,17521.64
242,MATCH (?x1)=[ALL SHORTEST ?p (:P131)*]=>(Q1202) RETURN ?p LIMIT 100000,100000,OK,298,305,17521.64
243,MATCH (?x1)=[ALL SHORTEST ?p (:P131)*]=>(Q12620) RETURN ?p LIMIT 100000,3462,OK,30,33,17521.64
244,MATCH (?x1)=[ALL SHORTEST ?p (:P131)*]=>(Q1297) RETURN ?p LIMIT 100000,2692,OK,22,25,17523.64
245,MATCH (?x1)=[ALL SHORTEST ?p (:P131)*]=>(Q1356) RETURN ?p LIMIT 100000,100000,OK,326,338,17523.64
246,MATCH (?x1)=[ALL SHORTEST ?p (:P131)*]=>(Q13917) RETURN ?p LIMIT 100000,82675,OK,285,293,17528.8
247,MATCH (?x1)=[ALL SHORTEST ?p (:P131)*]=>(Q1400) RETURN ?p LIMIT 100000,31560,OK,136,141,17530.8
248,MATCH (?x1)=[ALL SHORTEST ?p (:P131)*]=>(Q142) RETURN ?p LIMIT 100000,100000,OK,262,271,17530.8
249,MATCH (?x1)=[ALL SHORTEST ?p (:P131)*]=>(Q145) RETURN ?p LIMIT 100000,100000,OK,236,243,17530.8
250,MATCH (?x1)=[ALL SHORTEST ?p (:P131)*]=>(Q1492) RETURN ?p LIMIT 100000,6973,OK,19,22,17530.8
251,MATCH (?x1)=[ALL SHORTEST ?p (:P131)*]=>(Q168159) RETURN ?p LIMIT 100000,267,OK,1,4,17530.8
252,MATCH (?x1)=[ALL SHORTEST ?p (:P131)*]=>(Q183) RETURN ?p LIMIT 100000,100000,OK,223,230,17530.8
253,MATCH (?x1)=[ALL SHORTEST ?p (:P131)*]=>(Q188399) RETURN ?p LIMIT 100000,40625,OK,3312,3317,17532.8
254,MATCH (?x1)=[ALL SHORTEST ?p (:P131)*]=>(Q211) RETURN ?p LIMIT 100000,17210,OK,84,88,17532.8
255,MATCH (?x1)=[ALL SHORTEST ?p (:P131)*]=>(Q213) RETURN ?p LIMIT 100000,100000,OK,367,378,17541.82
256,MATCH (?x1)=[ALL SHORTEST ?p (:P131)*]=>(Q21) RETURN ?p LIMIT 100000,100000,OK,322,331,17543.82
257,MATCH (?x1)=[ALL SHORTEST ?p (:P131)*]=>(Q252320) RETURN ?p LIMIT 100000,328,OK,2,5,17543.82
258,MATCH (?x1)=[ALL SHORTEST ?p (:P131)*]=>(Q252) RETURN ?p LIMIT 100000,100000,OK,190,196,17543.82
259,MATCH (?x1)=[ALL SHORTEST ?p (:P131)*]=>(Q25) RETURN ?p LIMIT 100000,59301,OK,217,223,17097.8
260,MATCH (?x1)=[ALL SHORTEST ?p (:P131)*]=>(Q263742) RETURN ?p LIMIT 100000,853,OK,4,7,17097.8
261,MATCH (?x1)=[ALL SHORTEST ?p (:P131)*]=>(Q2683) RETURN ?p LIMIT 100000,791,OK,2,5,17097.8
262,MATCH (?x1)=[ALL SHORTEST ?p (:P131)*]=>(Q2807) RETURN ?p LIMIT 100000,5480,OK,25,28,17097.8
263,MATCH (?x1)=[ALL SHORTEST ?p (:P131)*]=>(Q28) RETURN ?p LIMIT 100000,17863,OK,83,87,17100.31
264,MATCH (?x1)=[ALL SHORTEST ?p (:P131)*]=>(Q29) RETURN ?p LIMIT 100000,100000,OK,357,366,17102.31
265,MATCH (?x1)=[ALL SHORTEST ?p (:P131)*]=>(Q30) RETURN ?p LIMIT 100000,100000,OK,24929,24937,16671.42
266,MATCH (?x1)=[ALL SHORTEST ?p (:P131)*]=>(Q340) RETURN ?p LIMIT 100000,1994,OK,8,11,16671.42
267,MATCH (?x1)=[ALL SHORTEST ?p (:P131)*]=>(Q39121) RETURN ?p LIMIT 100000,42,OK,1,4,16671.42
268,MATCH (?x1)=[ALL SHORTEST ?p (:P131)*]=>(Q406) RETURN ?p LIMIT 100000,1829,OK,5,8,16671.42
269,MATCH (?x1)=[ALL SHORTEST ?p (:P131)*]=>(Q488653) RETURN ?p LIMIT 100000,415,OK,2,5,16671.42
270,MATCH (?x1)=[ALL SHORTEST ?p (:P131)*]=>(Q488701) RETURN ?p LIMIT 100000,861,OK,3,6,16671.42
271,MATCH (?x1)=[ALL SHORTEST ?p (:P131)*]=>(Q501292) RETURN ?p LIMIT 100000,570,OK,2,5,16671.42
272,MATCH (?x1)=[ALL SHORTEST ?p (:P131)*]=>(Q5061) RETURN ?p LIMIT 100000,14545,OK,34,37,16671.42
273,MATCH (?x1)=[ALL SHORTEST ?p (:P131)*]=>(Q54939) RETURN ?p LIMIT 100000,6039,OK,22,25,16671.42
274,MATCH (?x1)=[ALL SHORTEST ?p (:P131)*]=>(Q55) RETURN ?p LIMIT 100000,100000,OK,228,236,16673.22
275,MATCH (?x1)=[ALL SHORTEST ?p (:P131)*]=>(Q5705) RETURN ?p LIMIT 100000,100000,OK,277,288,16678.12
276,MATCH (?x1)=[ALL SHORTEST ?p (:P131)*]=>(Q5765) RETURN ?p LIMIT 100000,6183,OK,45,48,16678.12
277,MATCH (?x1)=[ALL SHORTEST ?p (:P131)*]=>(Q60) RETURN ?p LIMIT 100000,10724,OK,35,39,16678.12
278,MATCH (?x1)=[ALL SHORTEST ?p (:P131)*]=>(Q61) RETURN ?p LIMIT 100000,3665,OK,33,36,16678.12
279,MATCH (?x1)=[ALL SHORTEST ?p (:P131)*]=>(Q62) RETURN ?p LIMIT 100000,1514,OK,6,8,16680.12
280,MATCH (?x1)=[ALL SHORTEST ?p (:P131)*]=>(Q649) RETURN ?p LIMIT 100000,8921,OK,51,54,16680.12
281,MATCH (?x1)=[ALL SHORTEST ?p (:P131)*]=>(Q64) RETURN ?p LIMIT 100000,17740,OK,73,77,16680.12
282,MATCH (?x1)=[ALL SHORTEST ?p (:P131)*]=>(Q656) RETURN ?p LIMIT 100000,4907,OK,16,20,16680.12
283,MATCH (?x1)=[ALL SHORTEST ?p (:P131)*]=>(Q698162) RETURN ?p LIMIT 100000,134,OK,1,4,16680.12
284,MATCH (?x1)=[ALL SHORTEST ?p (:P131)*]=>(Q801) RETURN ?p LIMIT 100000,9275,OK,37,40,16680.12
285,MATCH (?x1)=[ALL SHORTEST ?p (:P131)*]=>(Q812) RETURN ?p LIMIT 100000,21529,OK,92,96,16680.12
286,MATCH (?x1)=[ALL SHORTEST ?p (:P131)*]=>(Q84) RETURN ?p LIMIT 100000,2356,OK,8,11,16680.12
287,MATCH (?x1)=[ALL SHORTEST ?p (:P131)*]=>(Q90) RETURN ?p LIMIT 100000,24273,OK,66,70,16680.12
288,MATCH (?x1)=[ALL SHORTEST ?p (:P131)*]=>(Q9920) RETURN ?p LIMIT 100000,3353,OK,8,11,16680.12
289,MATCH (?x1)=[ALL SHORTEST ?p (:P131)*]=>(?x2) RETURN ?p LIMIT 100000,100000,OK,287,295,16680.12
290,MATCH (?x1)=[ALL SHORTEST ?p (:P131)+]=>(Q1198) RETURN ?p LIMIT 100000,58778,OK,194,201,16680.12
291,MATCH (?x1)=[ALL SHORTEST ?p (:P131)+]=>(Q12543) RETURN ?p LIMIT 100000,6775,OK,19,23,16680.12
292,MATCH (?x1)=[ALL SHORTEST ?p (:P131)+]=>(Q12549) RETURN ?p LIMIT 100000,7571,OK,26,29,16680.12
293,MATCH (?x1)=[ALL SHORTEST ?p (:P131)+]=>(Q12620) RETURN ?p LIMIT 100000,3461,OK,10,13,16680.12
294,MATCH (?x1)=[ALL SHORTEST ?p (:P131)+]=>(Q1400) RETURN ?p LIMIT 100000,31559,OK,87,91,16680.12
295,MATCH (?x1)=[ALL SHORTEST ?p (:P131)+]=>(Q142) RETURN ?p LIMIT 100000,100000,OK,267,277,16680.12
296,MATCH (?x1)=[ALL SHORTEST ?p (:P131)+]=>(Q1449) RETURN ?p LIMIT 100000,1783,OK,5,9,16680.12
297,MATCH (?x1)=[ALL SHORTEST ?p (:P131)+]=>(Q1726) RETURN ?p LIMIT 100000,12120,OK,28,32,16680.12
298,MATCH (?x1)=[ALL SHORTEST ?p (:P131)+]=>(Q1741) RETURN ?p LIMIT 100000,8572,OK,26,30,16682.12
299,MATCH (?x1)=[ALL SHORTEST ?p (:P131)+]=>(Q176) RETURN ?p LIMIT 100000,90155,OK,264,271,16687.75
300,MATCH (?x1)=[ALL SHORTEST ?p (:P131)+]=>(Q1823) RETURN ?p LIMIT 100000,12388,OK,36,40,16687.75
301,MATCH (?x1)=[ALL SHORTEST ?p (:P131)+]=>(Q22) RETURN ?p LIMIT 100000,100000,OK,209,216,16687.75
302,MATCH (?x1)=[ALL SHORTEST ?p (:P131)+]=>(Q3012) RETURN ?p LIMIT 100000,1591,OK,4,7,16687.75
303,MATCH (?x1)=[ALL SHORTEST ?p (:P131)+]=>(Q38) RETURN ?p LIMIT 100000,100000,OK,288,298,16690.0
304,MATCH (?x1)=[ALL SHORTEST ?p (:P131)+]=>(Q90) RETURN ?p LIMIT 100000,24272,OK,65,69,16690.0
305,MATCH (?x1)=[ALL SHORTEST ?p (:P131)+]=>(Q985) RETURN ?p LIMIT 100000,51044,OK,175,181,16690.0
306,MATCH (?x1)=[ALL SHORTEST ?p (:P131)+]=>(?x1) RETURN ?p LIMIT 100000,0,TIMEOUT,-1,-1,16887.98
307,MATCH (?x1)=[ALL SHORTEST ?p (:P131)?]=>(?x2) RETURN ?p LIMIT 100000,100000,OK,175,180,16887.98
308,MATCH (?x1)=[ALL SHORTEST ?p (:P131/(:P131)*)]=>(Q1208) RETURN ?p LIMIT 100000,42867,OK,217,222,16887.98
309,MATCH (?x1)=[ALL SHORTEST ?p (:P131/(:P131)*)]=>(Q176) RETURN ?p LIMIT 100000,90155,OK,239,246,16887.98
310,MATCH (?x1)=[ALL SHORTEST ?p (:P131/(:P131)*)]=>(Q183) RETURN ?p LIMIT 100000,100000,OK,221,228,16887.98
311,MATCH (?x1)=[ALL SHORTEST ?p (:P131/(:P131)*)]=>(Q25) RETURN ?p LIMIT 100000,59300,OK,169,175,16887.98
312,MATCH (?x1)=[ALL SHORTEST ?p (:P131/(:P131)*)]=>(Q980) RETURN ?p LIMIT 100000,100000,OK,303,311,16887.98
313,MATCH (?x1)=[ALL SHORTEST ?p (:P131/(:P17)*)]=>(Q34) RETURN ?p LIMIT 100000,100000,OK,754,761,16892.6
314,MATCH (?x1)=[ALL SHORTEST ?p (:P131/(:P31)*)]=>(Q532) RETURN ?p LIMIT 100000,100000,OK,560,567,16918.76
315,MATCH (?x1)=[ALL SHORTEST ?p (:P131/:P131)]=>(Q579648) RETURN ?p LIMIT 100000,2691,OK,7,10,16918.76
316,MATCH (?x1)=[ALL SHORTEST ?p (:P131|:P17)]=>(?x2) RETURN ?p LIMIT 100000,100000,OK,237,244,16918.76
317,MATCH (?x1)=[ALL SHORTEST ?p (:P138/:P106)]=>(Q1028181) RETURN ?p LIMIT 100000,8199,OK,305,309,16928.68
318,MATCH (?x1)=[ALL SHORTEST ?p (:P150)*]=>(?x2) RETURN ?p LIMIT 100000,100000,OK,701,708,16435.29
319,MATCH (?x1)=[ALL SHORTEST ?p (:P1559)*]=>(Q12078) RETURN ?p LIMIT 100000,1,OK,36,40,16435.29
320,MATCH (?x1)=[ALL SHORTEST ?p (:P155|:P156)]=>(?x2) RETURN ?p LIMIT 100000,100000,OK,321,328,16437.29
321,MATCH (?x1)=[ALL SHORTEST ?p (:P159)+]=>(?x2) RETURN ?p LIMIT 100000,100000,OK,649,656,16441.29
322,MATCH (?x1)=[ALL SHORTEST ?p (:P166/(:P279)*)]=>(Q19020) RETURN ?p LIMIT 100000,130,OK,19,22,16441.29
323,MATCH (?x1)=[ALL SHORTEST ?p (:P166/(:P279)*)]=>(Q7191) RETURN ?p LIMIT 100000,966,OK,37,41,16441.29
324,MATCH (?x1)=[ALL SHORTEST ?p (:P171)*]=>(Q1390) RETURN ?p LIMIT 100000,100000,OK,1159,1174,16449.29
325,MATCH (?x1)=[ALL SHORTEST ?p (:P171)*]=>(Q183147) RETURN ?p LIMIT 100000,107,OK,4,7,16449.29
326,MATCH (?x1)=[ALL SHORTEST ?p (:P171)*]=>(Q18789) RETURN ?p LIMIT 100000,316,OK,15,18,16449.29
327,MATCH (?x1)=[ALL SHORTEST ?p (:P171)*]=>(Q208221) RETURN ?p LIMIT 100000,1051,OK,6,9,16449.29
328,MATCH (?x1)=[ALL SHORTEST ?p (:P171)*]=>(Q211601) RETURN ?p LIMIT 100000,383,OK,3,6,16449.29
329,MATCH (?x1)=[ALL SHORTEST ?p (:P171)*]=>(Q21755) RETURN ?p LIMIT 100000,116,OK,10,13,16449.29
330,MATCH (?x1)=[ALL SHORTEST ?p (:P171)*]=>(Q26375) RETURN ?p LIMIT 100000,997,OK,23,25,16449.29
331,MATCH (?x1)=[ALL SHORTEST ?p (:P171)*]=>(Q26773) RETURN ?p LIMIT 100000,206,OK,2,4,16449.29
332,MATCH (?x1)=[ALL SHORTEST ?p (:P171)*]=>(Q28294) RETURN ?p LIMIT 100000,96,OK,1,4,16449.29
333,MATCH (?x1)=[ALL SHORTEST ?p (:P171)*]=>(Q28319) RETURN ?p LIMIT 100000,100000,OK,820,839,16451.55
334,MATCH (?x1)=[ALL SHORTEST ?p (:P171)*]=>(Q28486) RETURN ?p LIMIT 100000,1142,OK,9,13,16451.55
335,MATCH (?x1)=[ALL SHORTEST ?p (:P171)*]=>(Q39861) RETURN ?p LIMIT 100000,409,OK,2,6,16451.55
336,MATCH (?x1)=[ALL SHORTEST ?p (:P171)*]=>(Q461021) RETURN ?p LIMIT 100000,268,OK,2,5,16451.55
337,MATCH (?x1)=[ALL SHORTEST ?p (:P171)*]=>(Q729) RETURN ?p LIMIT 100000,100000,OK,458,473,16451.55
338,MATCH (?x1)=[ALL SHORTEST ?p (:P171)*]=>(Q756) RETURN ?p LIMIT 100000,100000,OK,602,617,16455.55
339,MATCH (?x1)=[ALL SHORTEST ?p (:P171)*]=>(Q829925) RETURN ?p LIMIT 100000,235,OK,3,7,16455.55
340,MATCH (?x1)=[ALL SHORTEST ?p (:P171)*]=>(?x2) RETURN ?p LIMIT 100000,100000,OK,1472,1497,16459.55
341,MATCH (?x1)=[ALL SHORTEST ?p (:P171)+]=>(Q130942) RETURN ?p LIMIT 100000,32178,OK,255,264,16459.55
342,MATCH (?x1)=[ALL SHORTEST ?p (:P171)+]=>(Q194240) RETURN ?p LIMIT 100000,13630,OK,59,65,16459.55
343,MATCH (?x1)=[ALL SHORTEST ?p (:P171)+]=>(Q25306) RETURN ?p LIMIT 100000,3183,OK,14,18,16459.55
344,MATCH (?x1)=[ALL SHORTEST ?p (:P171)+]=>(Q7377) RETURN ?p LIMIT 100000,30912,OK,203,211,16459.55
345,MATCH (?x1)=[ALL SHORTEST ?p (:P171)+]=>(Q756) RETURN ?p LIMIT 100000,100000,OK,431,447,16459.55
346,MATCH (?x1)=[ALL SHORTEST ?p (:P171/:P105)]=>(?x2) RETURN ?p LIMIT 100000,100000,OK,464,472,16480.74
347,MATCH (?x1)=[ALL SHORTEST ?p (:P171/:P171)]=>(Q127960) RETURN ?p LIMIT 100000,75,OK,1,5,16480.74
348,MATCH (?x1)=[ALL SHORTEST ?p (:P171/:P225)]=>(?x2) RETURN ?p LIMIT 100000,0,OK,46,50,16480.74
349,MATCH (?x1)=[ALL SHORTEST ?p (:P17)*]=>(Q145) RETURN ?p LIMIT 100000,100000,OK,123,129,16480.74
350,MATCH (?x1)=[ALL SHORTEST ?p (:P17)*]=>(Q183) RETURN ?p LIMIT 100000,100000,OK,124,130,16480.74
351,MATCH (?x1)=[ALL SHORTEST ?p (:P17)*]=>(?x2) RETURN ?p LIMIT 100000,100000,OK,231,237,16480.74
352,MATCH (?x1)=[ALL SHORTEST ?p (:P17)+]=>(Q148) RETURN ?p LIMIT 100000,100000,OK,121,127,16480.74
353,MATCH (?x1)=[ALL SHORTEST ?p (:P17)+]=>(Q183) RETURN ?p LIMIT 100000,100000,OK,123,129,16480.74
354,MATCH (?x1)=[ALL SHORTEST ?p (:P17)?]=>(Q29) RETURN ?p LIMIT 100000,100000,OK,134,140,16482.54
355,MATCH (?x1)=[ALL SHORTEST ?p (:P17/:P31)]=>(Q6256) RETURN ?p LIMIT 100000,100000,OK,188,195,16482.54
356,MATCH (?x1)=[ALL SHORTEST ?p (:P17|:P495)]=>(Q30) RETURN ?p LIMIT 100000,100000,OK,141,147,16484.54
357,MATCH (?x1)=[ALL SHORTEST ?p (:P17|:P495)]=>(?x2) RETURN ?p LIMIT 100000,100000,OK,387,393,16484.54
358,MATCH (?x1)=[ALL SHORTEST ?p (:P180/(:P279)*)]=>(Q154) RETURN ?p LIMIT 100000,201,OK,229,232,16484.54
359,MATCH (?x1)=[ALL SHORTEST ?p (:P19/(:P131)*)]=>(Q25) RETURN ?p LIMIT 100000,10089,OK,443,447,16486.54
360,MATCH (?x1)=[ALL SHORTEST ?p (:P19/(:P131)*)]=>(Q33) RETURN ?p LIMIT 100000,15467,OK,403,408,16488.54
361,MATCH (?x1)=[ALL SHORTEST ?p (:P19/(:P131)*)]=>(Q5813) RETURN ?p LIMIT 100000,1710,OK,60,64,16490.54
362,MATCH (?x1)=[ALL SHORTEST ?p (:P19/:P625)]=>(?x2) RETURN ?p LIMIT 100000,35,OK,39,43,16490.54
363,MATCH (?x1)=[ALL SHORTEST ?p (:P2044|:P2048)]=>(?x2) RETURN ?p LIMIT 100000,74,OK,1,5,16490.54
364,MATCH (?x1)=[ALL SHORTEST ?p (:P20)*]=>(Q513) RETURN ?p LIMIT 100000,53,OK,96,100,16490.54
365,MATCH (?x1)=[ALL SHORTEST ?p (:P2789)+]=>(?x2) RETURN ?p LIMIT 100000,100000,OK,848,869,16490.54
366,MATCH (?x1)=[ALL SHORTEST ?p (:P279)*]=>(Q116) RETURN ?p LIMIT 100000,642,OK,3,6,16490.54
367,MATCH (?x1)=[ALL SHORTEST ?p (:P279)*]=>(Q11862829) RETURN ?p LIMIT 100000,6135,OK,27,30,16490.54
368,MATCH (?x1)=[ALL SHORTEST ?p (:P279)*]=>(Q1190554) RETURN ?p LIMIT 100000,100000,OK,388,399,16490.54
369,MATCH (?x1)=[ALL SHORTEST ?p (:P279)*]=>(Q12078) RETURN ?p LIMIT 100000,6250,OK,22,27,16490.54
370,MATCH (?x1)=[ALL SHORTEST ?p (:P279)*]=>(Q12136) RETURN ?p LIMIT 100000,52820,OK,180,187,16490.54
371,MATCH (?x1)=[ALL SHORTEST ?p (:P279)*]=>(Q12280) RETURN ?p LIMIT 100000,260,OK,1,5,16490.54
372,MATCH (?x1)=[ALL SHORTEST ?p (:P279)*]=>(Q12737077) RETURN ?p LIMIT 100000,100000,OK,335,346,16490.54
373,MATCH (?x1)=[ALL SHORTEST ?p (:P279)*]=>(Q13442814) RETURN ?p LIMIT 100000,807,OK,8,11,16428.05
374,MATCH (?x1)=[ALL SHORTEST ?p (:P279)*]=>(Q144) RETURN ?p LIMIT 100000,270,OK,2,5,16428.05
375,MATCH (?x1)=[ALL SHORTEST ?p (:P279)*]=>(Q15324) RETURN ?p LIMIT 100000,925,OK,4,8,16428.05
376,MATCH (?x1)=[ALL SHORTEST ?p (:P279)*]=>(Q15630906) RETURN ?p LIMIT 100000,13,OK,12,16,16428.05
377,MATCH (?x1)=[ALL SHORTEST ?p (:P279)*]=>(Q16707842) RETURN ?p LIMIT 100000,59,OK,7,10,16428.05
378,MATCH (?x1)=[ALL SHORTEST ?p (:P279)*]=>(Q16970) RETURN ?p LIMIT 100000,302,OK,1,4,16428.05
379,MATCH (?x1)=[ALL SHORTEST ?p (:P279)*]=>(Q17334923) RETURN ?p LIMIT 100000,100000,OK,288,296,16428.05
380,MATCH (?x1)=[ALL SHORTEST ?p (:P279)*]=>(Q17442446) RETURN ?p LIMIT 100000,319,OK,2,5,16428.05
381,MATCH (?x1)=[ALL SHORTEST ?p (:P279)*]=>(Q192611) RETURN ?p LIMIT 100000,925,OK,3,6,16428.05
382,MATCH (?x1)=[ALL SHORTEST ?p (:P279)*]=>(Q198) RETURN ?p LIMIT 100000,59,OK,1,4,16428.05
383,MATCH (?x1)=[ALL SHORTEST ?p (:P279)*]=>(Q2066131) RETURN ?p LIMIT 100000,544,OK,3,6,16428.05
384,MATCH (?x1)=[ALL SHORTEST ?p (:P279)*]=>(Q207628) RETURN ?p LIMIT 100000,1133,OK,5,8,16428.05
385,MATCH (?x1)=[ALL SHORTEST ?p (:P279)*]=>(Q21109843) RETURN ?p LIMIT 100000,422,OK,16,20,16428.05
386,MATCH (?x1)=[ALL SHORTEST ?p (:P279)*]=>(Q21146257) RETURN ?p LIMIT 100000,31220,OK,165,173,16428.05
387,MATCH (?x1)=[ALL SHORTEST ?p (:P279)*]=>(Q234460) RETURN ?p LIMIT 100000,77661,OK,391,404,16428.05
388,MATCH (?x1)=[ALL SHORTEST ?p (:P279)*]=>(Q2500638) RETURN ?p LIMIT 100000,4181,OK,34,38,16428.05
389,MATCH (?x1)=[ALL SHORTEST ?p (:P279)*]=>(Q29496) RETURN ?p LIMIT 100000,229,OK,2,5,16428.05
390,MATCH (?x1)=[ALL SHORTEST ?p (:P279)*]=>(Q34379) RETURN ?p LIMIT 100000,4922,OK,19,23,16428.05
391,MATCH (?x1)=[ALL SHORTEST ?p (:P279)*]=>(Q35120) RETURN ?p LIMIT 100000,100000,OK,300,313,16428.05
392,MATCH (?x1)=[ALL SHORTEST ?p (:P279)*]=>(Q387917) RETURN ?p LIMIT 100000,138,OK,1,5,16428.05
393,MATCH (?x1)=[ALL SHORTEST ?p (:P279)*]=>(Q4164871) RETURN ?p LIMIT 100000,100000,OK,262,272,16428.05
394,MATCH (?x1)=[ALL SHORTEST ?p (:P279)*]=>(Q488383) RETURN ?p LIMIT 100000,100000,OK,297,308,16428.05
395,MATCH (?x1)=[ALL SHORTEST ?p (:P279)*]=>(Q532) RETURN ?p LIMIT 100000,179,OK,1,5,16428.05
396,MATCH (?x1)=[ALL SHORTEST ?p (:P279)*]=>(Q56061) RETURN ?p LIMIT 100000,7102,OK,24,28,16428.05
397,MATCH (?x1)=[ALL SHORTEST ?p (:P279)*]=>(Q5) RETURN ?p LIMIT 100000,3782,OK,11,15,16428.05
398,MATCH (?x1)=[ALL SHORTEST ?p (:P279)*]=>(Q618123) RETURN ?p LIMIT 100000,37493,OK,148,155,16428.05
399,MATCH (?x1)=[ALL SHORTEST ?p (:P279)*]=>(Q7239) RETURN ?p LIMIT 100000,10473,OK,41,46,16428.05
400,MATCH (?x1)=[ALL SHORTEST ?p (:P279)*]=>(Q7889) RETURN ?p LIMIT 100000,501,OK,2,6,16428.05
401,MATCH (?x1)=[ALL SHORTEST ?p (:P279)*]=>(Q82594) RETURN ?p LIMIT 100000,27,OK,1,4,16428.05
402,MATCH (?x1)=[ALL SHORTEST ?p (:P279)*]=>(Q82794) RETURN ?p LIMIT 100000,14198,OK,57,62,16428.05
403,MATCH (?x1)=[ALL SHORTEST ?p (:P279)*]=>(Q8386) RETURN ?p LIMIT 100000,2583,OK,11,15,16428.05
404,MATCH (?x1)=[ALL SHORTEST ?p (:P279)*]=>(?x1) RETURN ?p LIMIT 100000,100000,OK,140,146,16428.05
405,MATCH (?x1)=[ALL SHORTEST ?p (:P279)*]=>(?x2) RETURN ?p LIMIT 100000,100000,OK,450,462,16428.05
406,MATCH (?x1)=[ALL SHORTEST ?p (:P279)+]=>(Q206615) RETURN ?p LIMIT 100000,796,OK,4,7,16428.05
407,MATCH (?x1)=[ALL SHORTEST ?p (:P279)+]=>(Q223557) RETURN ?p LIMIT 100000,100000,OK,349,361,16431.34
408,MATCH (?x1)=[ALL SHORTEST ?p (:P279)+]=>(Q2285706) RETURN ?p LIMIT 100000,61731,OK,214,221,16431.34
409,MATCH (?x1)=[ALL SHORTEST ?p (:P279)+]=>(Q28555911) RETURN ?p LIMIT 100000,27796,OK,141,148,16431.34
410,MATCH (?x1)=[ALL SHORTEST ?p (:P279)+]=>(Q35120) RETURN ?p LIMIT 100000,100000,OK,311,322,16431.34
411,MATCH (?x1)=[ALL SHORTEST ?p (:P279)+]=>(Q486972) RETURN ?p LIMIT 100000,2082,OK,8,12,16431.34
412,MATCH (?x1)=[ALL SHORTEST ?p (:P279)+]=>(Q488383) RETURN ?p LIMIT 100000,100000,OK,338,349,16431.34
413,MATCH (?x1)=[ALL SHORTEST ?p (:P279)+]=>(Q4) RETURN ?p LIMIT 100000,709,OK,3,7,16431.34
414,MATCH (?x1)=[ALL SHORTEST ?p (:P279)+]=>(Q618123) RETURN ?p LIMIT 100000,37492,OK,155,161,16431.34
415,MATCH (?x1)=[ALL SHORTEST ?p (:P279)+]=>(Q7184903) RETURN ?p LIMIT 100000,100000,OK,339,351,16431.34
416,MATCH (?x1)=[ALL SHORTEST ?p (:P279)+]=>(Q729) RETURN ?p LIMIT 100000,4159,OK,15,19,16431.34
417,MATCH (?x1)=[ALL SHORTEST ?p (:P279)+]=>(Q901) RETURN ?p LIMIT 100000,732,OK,3,6,16431.34
418,MATCH (?x1)=[ALL SHORTEST ?p (:P279)+]=>(?x1) RETURN ?p LIMIT 100000,0,TIMEOUT,-1,-1,16456.18
419,MATCH (?x1)=[ALL SHORTEST ?p (:P279)+]=>(?x2) RETURN ?p LIMIT 100000,100000,OK,444,457,16456.18
420,MATCH (?x1)=[ALL SHORTEST ?p (:P279/(:P279)*)]=>(Q11173) RETURN ?p LIMIT 100000,100000,OK,279,291,16457.73
421,MATCH (?x1)=[ALL SHORTEST ?p (:P279|:P31)]=>(?x2) RETURN ?p LIMIT 100000,100000,OK,275,282,16457.73
422,MATCH (?x1)=[ALL SHORTEST ?p (:P27)*]=>(Q801) RETURN ?p LIMIT 100000,26821,OK,199,204,16459.73
423,MATCH (?x1)=[ALL SHORTEST ?p (:P27/(:P17)*)]=>(Q29999) RETURN ?p LIMIT 100000,78703,OK,1353,1359,16505.23
424,MATCH (?x1)=[ALL SHORTEST ?p (:P27/(:P279)*)]=>(Q148) RETURN ?p LIMIT 100000,38729,OK,51,55,16505.23
425,MATCH (?x1)=[ALL SHORTEST ?p (:P31)*]=>(Q1248784) RETURN ?p LIMIT 100000,24605,OK,64,68,16505.23
426,MATCH (?x1)=[ALL SHORTEST ?p (:P31)*]=>(Q13406463) RETURN ?p LIMIT 100000,100000,OK,169,176,16505.23
427,MATCH (?x1)=[ALL SHORTEST ?p (:P31)*]=>(Q16521) RETURN ?p LIMIT 100000,100000,OK,132,138,16505.23
428,MATCH (?x1)=[ALL SHORTEST ?p (:P31)*]=>(Q18614948) RETURN ?p LIMIT 100000,227,OK,13,16,16505.23
429,MATCH (?x1)=[ALL SHORTEST ?p (:P31)*]=>(Q2074737) RETURN ?p LIMIT 100000,6997,OK,24,28,16505.23
430,MATCH (?x1)=[ALL SHORTEST ?p (:P31)*]=>(Q22302160) RETURN ?p LIMIT 100000,0,OK,17,21,16505.23
431,MATCH (?x1)=[ALL SHORTEST ?p (:P31)*]=>(Q23442) RETURN ?p LIMIT 100000,100000,OK,135,141,16505.23
432,MATCH (?x1)=[ALL SHORTEST ?p (:P31)*]=>(Q2678338) RETURN ?p LIMIT 100000,121,OK,13,17,16505.23
433,MATCH (?x1)=[ALL SHORTEST ?p (:P31)*]=>(Q3231690) RETURN ?p LIMIT 100000,10807,OK,33,36,16505.23
434,MATCH (?x1)=[ALL SHORTEST ?p (:P31)*]=>(Q33506) RETURN ?p LIMIT 100000,40629,OK,89,93,16505.23
435,MATCH (?x1)=[ALL SHORTEST ?p (:P31)*]=>(Q3918) RETURN ?p LIMIT 100000,13703,OK,40,44,16505.23
436,MATCH (?x1)=[ALL SHORTEST ?p (:P31)*]=>(Q3957) RETURN ?p LIMIT 100000,14188,OK,34,38,16505.23
437,MATCH (?x1)=[ALL SHORTEST ?p (:P31)*]=>(Q40080) RETURN ?p LIMIT 100000,15692,OK,33,37,16505.23
438,MATCH (?x1)=[ALL SHORTEST ?p (:P31)*]=>(Q4167410) RETURN ?p LIMIT 100000,100000,OK,147,152,16508.32
439,MATCH (?x1)=[ALL SHORTEST ?p (:P31)*]=>(Q484170) RETURN ?p LIMIT 100000,40276,OK,129,133,16508.32
440,MATCH (?x1)=[ALL SHORTEST ?p (:P31)*]=>(Q515) RETURN ?p LIMIT 100000,9306,OK,36,40,16508.32
441,MATCH (?x1)=[ALL SHORTEST ?p (:P31)*]=>(Q534932) RETURN ?p LIMIT 100000,33,OK,1,4,16508.32
442,MATCH (?x1)=[ALL SHORTEST ?p (:P31)*]=>(Q5) RETURN ?p LIMIT 100000,100000,OK,118,124,16508.32
443,MATCH (?x1)=[ALL SHORTEST ?p (:P31)*]=>(Q6256) RETURN ?p LIMIT 100000,224,OK,1,5,16508.32
444,MATCH (?x1)=[ALL SHORTEST ?p (:P31)*]=>(Q811979) RETURN ?p LIMIT 100000,100000,OK,134,139,16508.32
445,MATCH (?x1)=[ALL SHORTEST ?p (:P31)*]=>(QQ3231690) RETURN ?p LIMIT 100000,0,OK,18,22,16508.32
446,MATCH (?x1)=[ALL SHORTEST ?p (:P31)*]=>(?x2) RETURN ?p LIMIT 100000,100000,OK,331,341,16508.32
447,MATCH (?x1)=[ALL SHORTEST ?p (:P31)+]=>(Q4830453) RETURN ?p LIMIT 100000,100000,OK,174,181,16510.32
448,MATCH (?x1)=[ALL SHORTEST ?p (:P31)+]=>(Q486972) RETURN ?p LIMIT 100000,100000,OK,130,136,16510.32
449,MATCH (?x1)=[ALL SHORTEST ?p (:P31)?]=>(?x2) RETURN ?p LIMIT 100000,100000,OK,171,177,16510.32
450,MATCH (?x1)=[ALL SHORTEST ?p (:P31/(:P249)*)]=>(?x2) RETURN ?p LIMIT 100000,100000,OK,365,371,16510.32
451,MATCH (?x1)=[ALL SHORTEST ?p (:P31/(:P271)*)]=>(Q8502) RETURN ?p LIMIT 100000,100000,OK,129,134,16510.32
452,MATCH (?x1)=[ALL SHORTEST ?p (:P31/(:P279)*)]=>(Q101352) RETURN ?p LIMIT 100000,100000,OK,140,146,16510.32
453,MATCH (?x1)=[ALL SHORTEST ?p (:P31/(:P279)*)]=>(Q1030034) RETURN ?p LIMIT 100000,100000,OK,207,213,16510.32
454,MATCH (?x1)=[ALL SHORTEST ?p (:P31/(:P279)*)]=>(Q107390) RETURN ?p LIMIT 100000,627,OK,2,5,16510.32
455,MATCH (?x1)=[ALL SHORTEST ?p (:P31/(:P279)*)]=>(Q10864048) RETURN ?p LIMIT 100000,6663,OK,35,38,16510.32
456,MATCH (?x1)=[ALL SHORTEST ?p (:P31/(:P279)*)]=>(Q11032) RETURN ?p LIMIT 100000,54503,OK,92,96,16510.32
457,MATCH (?x1)=[ALL SHORTEST ?p (:P31/(:P279)*)]=>(Q11173) RETURN ?p LIMIT 100000,100000,OK,146,151,16510.32
458,MATCH (?x1)=[ALL SHORTEST ?p (:P31/(:P279)*)]=>(Q11266439) RETURN ?p LIMIT 100000,100000,OK,145,153,16510.57
459,MATCH (?x1)=[ALL SHORTEST ?p (:P31/(:P279)*)]=>(Q11410) RETURN ?p LIMIT 100000,59596,OK,153,160,16510.57
460,MATCH (?x1)=[ALL SHORTEST ?p (:P31/(:P279)*)]=>(Q11424) RETURN ?p LIMIT 100000,100000,OK,133,139,16510.57
461,MATCH (?x1)=[ALL SHORTEST ?p (:P31/(:P279)*)]=>(Q11446) RETURN ?p LIMIT 100000,100000,OK,161,168,16510.57
462,MATCH (?x1)=[ALL SHORTEST ?p (:P31/(:P279)*)]=>(Q1183543) RETURN ?p LIMIT 100000,100000,OK,314,325,16510.57
463,MATCH (?x1)=[ALL SHORTEST ?p (:P31/(:P279)*)]=>(Q1190554) RETURN ?p LIMIT 100000,100000,OK,176,183,16510.57
464,MATCH (?x1)=[ALL SHORTEST ?p (:P31/(:P279)*)]=>(Q12078) RETURN ?p LIMIT 100000,256,OK,12,16,16510.57
465,MATCH (?x1)=[ALL SHORTEST ?p (:P31/(:P279)*)]=>(Q121998) RETURN ?p LIMIT 100000,5947,OK,17,20,16510.57
466,MATCH (?x1)=[ALL SHORTEST ?p (:P31/(:P279)*)]=>(Q12280) RETURN ?p LIMIT 100000,45072,OK,74,79,16510.57
467,MATCH (?x1)=[ALL SHORTEST ?p (:P31/(:P279)*)]=>(Q12323) RETURN ?p LIMIT 100000,75704,OK,102,107,16510.57
468,MATCH (?x1)=[ALL SHORTEST ?p (:P31/(:P279)*)]=>(Q1248784) RETURN ?p LIMIT 100000,25341,OK,35,38,16510.57
469,MATCH (?x1)=[ALL SHORTEST ?p (:P31/(:P279)*)]=>(Q12737077) RETURN ?p LIMIT 100000,100000,OK,301,311,16510.57
470,MATCH (?x1)=[ALL SHORTEST ?p (:P31/(:P279)*)]=>(Q131681) RETURN ?p LIMIT 100000,19764,OK,27,30,16510.57
471,MATCH (?x1)=[ALL SHORTEST ?p (:P31/(:P279)*)]=>(Q13442814) RETURN ?p LIMIT 100000,100000,OK,132,140,16510.57
472,MATCH (?x1)=[ALL SHORTEST ?p (:P31/(:P279)*)]=>(Q1370598) RETURN ?p LIMIT 100000,100000,OK,201,208,16510.57
473,MATCH (?x1)=[ALL SHORTEST ?p (:P31/(:P279)*)]=>(Q1418640) RETURN ?p LIMIT 100000,4,OK,23,27,16510.57
474,MATCH (?x1)=[ALL SHORTEST ?p (:P31/(:P279)*)]=>(Q14204246) RETURN ?p LIMIT 100000,100000,OK,183,190,16511.09
475,MATCH (?x1)=[ALL SHORTEST ?p (:P31/(:P279)*)]=>(Q15090615) RETURN ?p LIMIT 100000,3868,OK,26,30,16511.09
476,MATCH (?x1)=[ALL SHORTEST ?p (:P31/(:P279)*)]=>(Q151885) RETURN ?p LIMIT 100000,100000,OK,294,305,16514.7
477,MATCH (?x1)=[ALL SHORTEST ?p (:P31/(:P279)*)]=>(Q15238777) RETURN ?p LIMIT 100000,7097,OK,28,31,16514.7
478,MATCH (?x1)=[ALL SHORTEST ?p (:P31/(:P279)*)]=>(Q15284) RETURN ?p LIMIT 100000,100000,OK,180,186,16516.5
479,MATCH (?x1)=[ALL SHORTEST ?p (:P31/(:P279)*)]=>(Q15324) RETURN ?p LIMIT 100000,100000,OK,187,193,16516.5
480,MATCH (?x1)=[ALL SHORTEST ?p (:P31/(:P279)*)]=>(Q15619176) RETURN ?p LIMIT 100000,0,OK,23,26,16516.5
481,MATCH (?x1)=[ALL SHORTEST ?p (:P31/(:P279)*)]=>(Q15630906) RETURN ?p LIMIT 100000,15680,OK,37,41,16516.5
482,MATCH (?x1)=[ALL SHORTEST ?p (:P31/(:P279)*)]=>(Q15642541) RETURN ?p LIMIT 100000,100000,OK,222,229,16516.5
483,MATCH (?x1)=[ALL SHORTEST ?p (:P31/(:P279)*)]=>(Q158683) RETURN ?p LIMIT 100000,34,OK,1,4,16516.5
484,MATCH (?x1)=[ALL SHORTEST ?p (:P31/(:P279)*)]=>(Q159719) RETURN ?p LIMIT 100000,15658,OK,36,39,16475.99
485,MATCH (?x1)=[ALL SHORTEST ?p (:P31/(:P279)*)]=>(Q16521) RETURN ?p LIMIT 100000,100000,OK,127,132,16475.99
486,MATCH (?x1)=[ALL SHORTEST ?p (:P31/(:P279)*)]=>(Q1656682) RETURN ?p LIMIT 100000,100000,OK,201,208,16475.99
487,MATCH (?x1)=[ALL SHORTEST ?p (:P31/(:P279)*)]=>(Q16686022) RETURN ?p LIMIT 100000,100000,OK,250,258,16475.99
488,MATCH (?x1)=[ALL SHORTEST ?p (:P31/(:P279)*)]=>(Q16917) RETURN ?p LIMIT 100000,46737,OK,91,96,16475.99
489,MATCH (?x1)=[ALL SHORTEST ?p (:P31/(:P279)*)]=>(Q16970) RETURN ?p LIMIT 100000,100000,OK,138,144,16475.99
490,MATCH (?x1)=[ALL SHORTEST ?p (:P31/(:P279)*)]=>(Q17334923) RETURN ?p LIMIT 100000,100000,OK,184,190,16475.99
491,MATCH (?x1)=[ALL SHORTEST ?p (:P31/(:P279)*)]=>(Q173387) RETURN ?p LIMIT 100000,22601,OK,43,47,16475.99
492,MATCH (?x1)=[ALL SHORTEST ?p (:P31/(:P279)*)]=>(Q174782) RETURN ?p LIMIT 100000,15671,OK,24,28,16475.99
493,MATCH (?x1)=[ALL SHORTEST ?p (:P31/(:P279)*)]=>(Q17519152) RETURN ?p LIMIT 100000,0,OK,10,13,16475.99
494,MATCH (?x1)=[ALL SHORTEST ?p (:P31/(:P279)*)]=>(Q178885) RETURN ?p LIMIT 100000,6087,OK,14,18,16475.99
495,MATCH (?x1)=[ALL SHORTEST ?p (:P31/(:P279)*)]=>(Q18127) RETURN ?p LIMIT 100000,10670,OK,16,19,16475.99
496,MATCH (?x1)=[ALL SHORTEST ?p (:P31/(:P279)*)]=>(Q18559091) RETURN ?p LIMIT 100000,503,OK,21,24,16475.99
497,MATCH (?x1)=[ALL SHORTEST ?p (:P31/(:P279)*)]=>(Q18614948) RETURN ?p LIMIT 100000,5670,OK,12,15,16475.99
498,MATCH (?x1)=[ALL SHORTEST ?p (:P31/(:P279)*)]=>(Q1867183) RETURN ?p LIMIT 100000,1246,OK,26,29,16475.99
499,MATCH (?x1)=[ALL SHORTEST ?p (:P31/(:P279)*)]=>(Q18918145) RETURN ?p LIMIT 100000,100000,OK,188,195,16475.99
500,MATCH (?x1)=[ALL SHORTEST ?p (:P31/(:P279)*)]=>(Q190107) RETURN ?p LIMIT 100000,9804,OK,14,18,16475.99
501,MATCH (?x1)=[ALL SHORTEST ?p (:P31/(:P279)*)]=>(Q191067) RETURN ?p LIMIT 100000,100000,OK,166,172,16475.99
502,MATCH (?x1)=[ALL SHORTEST ?p (:P31/(:P279)*)]=>(Q192611) RETURN ?p LIMIT 100000,100000,OK,192,199,16475.99
503,MATCH (?x1)=[ALL SHORTEST ?p (:P31/(:P279)*)]=>(Q1983062) RETURN ?p LIMIT 100000,68186,OK,142,148,16475.99
504,MATCH (?x1)=[ALL SHORTEST ?p (:P31/(:P279)*)]=>(Q19847637) RETURN ?p LIMIT 100000,7198,OK,30,34,16475.99
505,MATCH (?x1)=[ALL SHORTEST ?p (:P31/(:P279)*)]=>(Q2031836) RETURN ?p LIMIT 100000,4608,OK,22,26,16475.99
506,MATCH (?x1)=[ALL SHORTEST ?p (:P31/(:P279)*)]=>(Q2057971) RETURN ?p LIMIT 100000,18486,OK,131,136,16475.99
507,MATCH (?x1)=[ALL SHORTEST ?p (:P31/(:P279)*)]=>(Q2065736) RETURN ?p LIMIT 100000,100000,OK,154,160,16475.99
508,MATCH (?x1)=[ALL SHORTEST ?p (:P31/(:P279)*)]=>(Q2066131) RETURN ?p LIMIT 100000,44,OK,3,7,16475.99
509,MATCH (?x1)=[ALL SHORTEST ?p (:P31/(:P279)*)]=>(Q20747295) RETURN ?p LIMIT 100000,7431,OK,2347,2351,16530.61
510,MATCH (?x1)=[ALL SHORTEST ?p (:P31/(:P279)*)]=>(Q208255) RETURN ?p LIMIT 100000,0,OK,1,5,16530.61
511,MATCH (?x1)=[ALL SHORTEST ?p (:P31/(:P279)*)]=>(Q2095) RETURN ?p LIMIT 100000,20386,OK,112,117,16530.61
512,MATCH (?x1)=[ALL SHORTEST ?p (:P31/(:P279)*)]=>(Q210272) RETURN ?p LIMIT 100000,100000,OK,174,181,16530.61
513,MATCH (?x1)=[ALL SHORTEST ?p (:P31/(:P279)*)]=>(Q2221906) RETURN ?p LIMIT 100000,100000,OK,208,215,16532.61
514,MATCH (?x1)=[ALL SHORTEST ?p (:P31/(:P279)*)]=>(Q223557) RETURN ?p LIMIT 100000,100000,OK,176,182,16532.61
515,MATCH (?x1)=[ALL SHORTEST ?p (:P31/(:P279)*)]=>(Q22698) RETURN ?p LIMIT 100000,99408,OK,146,152,16533.12
516,MATCH (?x1)=[ALL SHORTEST ?p (:P31/(:P279)*)]=>(Q23397) RETURN ?p LIMIT 100000,100000,OK,132,137,16533.12
517,MATCH (?x1)=[ALL SHORTEST ?p (:P31/(:P279)*)]=>(Q23413) RETURN ?p LIMIT 100000,28890,OK,46,50,16533.12
518,MATCH (?x1)=[ALL SHORTEST ?p (:P31/(:P279)*)]=>(Q23442) RETURN ?p LIMIT 100000,100000,OK,135,140,16533.12
519,MATCH (?x1)=[ALL SHORTEST ?p (:P31/(:P279)*)]=>(Q234460) RETURN ?p LIMIT 100000,100000,OK,177,184,16533.12
520,MATCH (?x1)=[ALL SHORTEST ?p (:P31/(:P279)*)]=>(Q2385804) RETURN ?p LIMIT 100000,100000,OK,208,214,16533.12
521,MATCH (?x1)=[ALL SHORTEST ?p (:P31/(:P279)*)]=>(Q24229398) RETURN ?p LIMIT 100000,100000,OK,231,239,16533.12
522,MATCH (?x1)=[ALL SHORTEST ?p (:P31/(:P279)*)]=>(Q24398318) RETURN ?p LIMIT 100000,100000,OK,203,210,16533.12
523,MATCH (?x1)=[ALL SHORTEST ?p (:P31/(:P279)*)]=>(Q2465832) RETURN ?p LIMIT 100000,40301,OK,202,210,16533.12
524,MATCH (?x1)=[ALL SHORTEST ?p (:P31/(:P279)*)]=>(Q261543) RETURN ?p LIMIT 100000,9,OK,1,4,16533.12
525,MATCH (?x1)=[ALL SHORTEST ?p (:P31/(:P279)*)]=>(Q262166) RETURN ?p LIMIT 100000,12425,OK,17,20,16533.12
526,MATCH (?x1)=[ALL SHORTEST ?p (:P31/(:P279)*)]=>(Q26243694) RETURN ?p LIMIT 100000,46,OK,11,14,16533.12
527,MATCH (?x1)=[ALL SHORTEST ?p (:P31/(:P279)*)]=>(Q282) RETURN ?p LIMIT 100000,6320,OK,17,20,16533.12
528,MATCH (?x1)=[ALL SHORTEST ?p (:P31/(:P279)*)]=>(Q290) RETURN ?p LIMIT 100000,24,OK,1,4,16533.12
529,MATCH (?x1)=[ALL SHORTEST ?p (:P31/(:P279)*)]=>(Q29637965) RETURN ?p LIMIT 100000,0,OK,14,17,16533.12
530,MATCH (?x1)=[ALL SHORTEST ?p (:P31/(:P279)*)]=>(Q2977) RETURN ?p LIMIT 100000,3361,OK,5,8,16533.12
531,MATCH (?x1)=[ALL SHORTEST ?p (:P31/(:P279)*)]=>(Q2996394) RETURN ?p LIMIT 100000,100000,OK,322,331,16533.12
532,MATCH (?x1)=[ALL SHORTEST ?p (:P31/(:P279)*)]=>(Q30304302) RETURN ?p LIMIT 100000,449,OK,12,15,16533.12
533,MATCH (?x1)=[ALL SHORTEST ?p (:P31/(:P279)*)]=>(Q3191695) RETURN ?p LIMIT 100000,419,OK,6,9,16533.12
534,MATCH (?x1)=[ALL SHORTEST ?p (:P31/(:P279)*)]=>(Q3305213) RETURN ?p LIMIT 100000,100000,OK,149,155,16533.12
535,MATCH (?x1)=[ALL SHORTEST ?p (:P31/(:P279)*)]=>(Q33506) RETURN ?p LIMIT 100000,58756,OK,102,107,16533.12
536,MATCH (?x1)=[ALL SHORTEST ?p (:P31/(:P279)*)]=>(Q340169) RETURN ?p LIMIT 100000,100000,OK,188,194,16533.12
537,MATCH (?x1)=[ALL SHORTEST ?p (:P31/(:P279)*)]=>(Q34442) RETURN ?p LIMIT 100000,100000,OK,152,158,16533.12
538,MATCH (?x1)=[ALL SHORTEST ?p (:P31/(:P279)*)]=>(Q3464665) RETURN ?p LIMIT 100000,18635,OK,44,48,16533.12
539,MATCH (?x1)=[ALL SHORTEST ?p (:P31/(:P279)*)]=>(Q35120) RETURN ?p LIMIT 100000,100000,OK,220,228,16533.12
540,MATCH (?x1)=[ALL SHORTEST ?p (:P31/(:P279)*)]=>(Q355304) RETURN ?p LIMIT 100000,100000,OK,135,140,16533.12
541,MATCH (?x1)=[ALL SHORTEST ?p (:P31/(:P279)*)]=>(Q361733) RETURN ?p LIMIT 100000,6792,OK,11,14,16533.12
542,MATCH (?x1)=[ALL SHORTEST ?p (:P31/(:P279)*)]=>(Q3624078) RETURN ?p LIMIT 100000,353,OK,15,18,16533.12
543,MATCH (?x1)=[ALL SHORTEST ?p (:P31/(:P279)*)]=>(Q385337) RETURN ?p LIMIT 100000,1980,OK,3,7,16533.12
544,MATCH (?x1)=[ALL SHORTEST ?p (:P31/(:P279)*)]=>(Q386724) RETURN ?p LIMIT 100000,100000,OK,177,184,16533.12
545,MATCH (?x1)=[ALL SHORTEST ?p (:P31/(:P279)*)]=>(Q387917) RETURN ?p LIMIT 100000,37049,OK,78,82,16533.12
546,MATCH (?x1)=[ALL SHORTEST ?p (:P31/(:P279)*)]=>(Q3914) RETURN ?p LIMIT 100000,100000,OK,162,168,16533.12
547,MATCH (?x1)=[ALL SHORTEST ?p (:P31/(:P279)*)]=>(Q3918) RETURN ?p LIMIT 100000,16867,OK,27,31,16533.12
548,MATCH (?x1)=[ALL SHORTEST ?p (:P31/(:P279)*)]=>(Q3957) RETURN ?p LIMIT 100000,47450,OK,81,86,16533.12
549,MATCH (?x1)=[ALL SHORTEST ?p (:P31/(:P279)*)]=>(Q4022) RETURN ?p LIMIT 100000,100000,OK,126,133,16533.12
550,MATCH (?x1)=[ALL SHORTEST ?p (:P31/(:P279)*)]=>(Q41176) RETURN ?p LIMIT 100000,100000,OK,130,136,16533.12
551,MATCH (?x1)=[ALL SHORTEST ?p (:P31/(:P279)*)]=>(Q43229) RETURN ?p LIMIT 100000,100000,OK,161,167,16533.12
552,MATCH (?x1)=[ALL SHORTEST ?p (:P31/(:P279)*)]=>(Q482994) RETURN ?p LIMIT 100000,100000,OK,128,133,16533.12
553,MATCH (?x1)=[ALL SHORTEST ?p (:P31/(:P279)*)]=>(Q4830453) RETURN ?p LIMIT 100000,100000,OK,134,140,16533.12
554,MATCH (?x1)=[ALL SHORTEST ?p (:P31/(:P279)*)]=>(Q484170) RETURN ?p LIMIT 100000,40270,OK,52,56,16533.12
555,MATCH (?x1)=[ALL SHORTEST ?p (:P31/(:P279)*)]=>(Q486972) RETURN ?p LIMIT 100000,100000,OK,132,138,16533.12
556,MATCH (?x1)=[ALL SHORTEST ?p (:P31/(:P279)*)]=>(Q488383) RETURN ?p LIMIT 100000,100000,OK,185,191,16533.12
557,MATCH (?x1)=[ALL SHORTEST ?p (:P31/(:P279)*)]=>(Q4989906) RETURN ?p LIMIT 100000,100000,OK,215,221,16533.12
558,MATCH (?x1)=[ALL SHORTEST ?p (:P31/(:P279)*)]=>(Q50337) RETURN ?p LIMIT 100000,126,OK,1,4,16533.12
559,MATCH (?x1)=[ALL SHORTEST ?p (:P31/(:P279)*)]=>(Q515) RETURN ?p LIMIT 100000,29368,OK,49,53,16533.12
560,MATCH (?x1)=[ALL SHORTEST ?p (:P31/(:P279)*)]=>(Q532) RETURN ?p LIMIT 100000,100000,OK,132,137,16533.12
561,MATCH (?x1)=[ALL SHORTEST ?p (:P31/(:P279)*)]=>(Q5341295) RETURN ?p LIMIT 100000,100000,OK,234,242,16533.12
562,MATCH (?x1)=[ALL SHORTEST ?p (:P31/(:P279)*)]=>(Q5398426) RETURN ?p LIMIT 100000,77527,OK,145,151,16533.12
563,MATCH (?x1)=[ALL SHORTEST ?p (:P31/(:P279)*)]=>(Q543654) RETURN ?p LIMIT 100000,7332,OK,12,15,16533.12
564,MATCH (?x1)=[ALL SHORTEST ?p (:P31/(:P279)*)]=>(Q56061) RETURN ?p LIMIT 100000,100000,OK,181,188,16533.38
565,MATCH (?x1)=[ALL SHORTEST ?p (:P31/(:P279)*)]=>(Q570116) RETURN ?p LIMIT 100000,83657,OK,184,191,16533.38
566,MATCH (?x1)=[ALL SHORTEST ?p (:P31/(:P279)*)]=>(Q570600) RETURN ?p LIMIT 100000,223,OK,1,4,16533.38
567,MATCH (?x1)=[ALL SHORTEST ?p (:P31/(:P279)*)]=>(Q571) RETURN ?p LIMIT 100000,63319,OK,121,126,16533.38
568,MATCH (?x1)=[ALL SHORTEST ?p (:P31/(:P279)*)]=>(Q5) RETURN ?p LIMIT 100000,100000,OK,118,123,16534.93
569,MATCH (?x1)=[ALL SHORTEST ?p (:P31/(:P279)*)]=>(Q618123) RETURN ?p LIMIT 100000,100000,OK,180,186,16534.93
570,MATCH (?x1)=[ALL SHORTEST ?p (:P31/(:P279)*)]=>(Q6256) RETURN ?p LIMIT 100000,494,OK,2,5,16534.93
571,MATCH (?x1)=[ALL SHORTEST ?p (:P31/(:P279)*)]=>(Q628179) RETURN ?p LIMIT 100000,10558,OK,22,26,16534.93
572,MATCH (?x1)=[ALL SHORTEST ?p (:P31/(:P279)*)]=>(Q6671777) RETURN ?p LIMIT 100000,100000,OK,212,219,16534.93
573,MATCH (?x1)=[ALL SHORTEST ?p (:P31/(:P279)*)]=>(Q7075) RETURN ?p LIMIT 100000,95404,OK,172,179,16534.93
574,MATCH (?x1)=[ALL SHORTEST ?p (:P31/(:P279)*)]=>(Q7184903) RETURN ?p LIMIT 100000,100000,OK,237,246,16534.93
575,MATCH (?x1)=[ALL SHORTEST ?p (:P31/(:P279)*)]=>(Q719456) RETURN ?p LIMIT 100000,0,OK,1,4,16534.93
576,MATCH (?x1)=[ALL SHORTEST ?p (:P31/(:P279)*)]=>(Q7275) RETURN ?p LIMIT 100000,4606,OK,10,13,16534.93
577,MATCH (?x1)=[ALL SHORTEST ?p (:P31/(:P279)*)]=>(Q729) RETURN ?p LIMIT 100000,16695,OK,50,54,16534.93
578,MATCH (?x1)=[ALL SHORTEST ?p (:P31/(:P279)*)]=>(Q7397) RETURN ?p LIMIT 100000,100000,OK,263,271,16534.93
579,MATCH (?x1)=[ALL SHORTEST ?p (:P31/(:P279)*)]=>(Q79007) RETURN ?p LIMIT 100000,100000,OK,133,138,16534.93
580,MATCH (?x1)=[ALL SHORTEST ?p (:P31/(:P279)*)]=>(Q79529) RETURN ?p LIMIT 100000,100000,OK,1074,1081,16623.59
581,MATCH (?x1)=[ALL SHORTEST ?p (:P31/(:P279)*)]=>(Q811979) RETURN ?p LIMIT 100000,100000,OK,132,137,16623.59
582,MATCH (?x1)=[ALL SHORTEST ?p (:P31/(:P279)*)]=>(Q820477) RETURN ?p LIMIT 100000,50740,OK,64,69,16623.59
583,MATCH (?x1)=[ALL SHORTEST ?p (:P31/(:P279)*)]=>(Q8205328) RETURN ?p LIMIT 100000,100000,OK,209,215,16623.59
584,MATCH (?x1)=[ALL SHORTEST ?p (:P31/(:P279)*)]=>(Q82794) RETURN ?p LIMIT 100000,100000,OK,175,182,16623.85
585,MATCH (?x1)=[ALL SHORTEST ?p (:P31/(:P279)*)]=>(Q82799) RETURN ?p LIMIT 100000,100000,OK,285,295,16623.85
586,MATCH (?x1)=[ALL SHORTEST ?p (:P31/(:P279)*)]=>(Q83405) RETURN ?p LIMIT 100000,26981,OK,73,78,16623.85
587,MATCH (?x1)=[ALL SHORTEST ?p (:P31/(:P279)*)]=>(Q83620) RETURN ?p LIMIT 100000,100000,OK,180,186,16623.85
588,MATCH (?x1)=[ALL SHORTEST ?p (:P31/(:P279)*)]=>(Q838948) RETURN ?p LIMIT 100000,100000,OK,186,193,16623.85
589,MATCH (?x1)=[ALL SHORTEST ?p (:P31/(:P279)*)]=>(Q839954) RETURN ?p LIMIT 100000,100000,OK,167,173,16623.85
590,MATCH (?x1)=[ALL SHORTEST ?p (:P31/(:P279)*)]=>(Q8502) RETURN ?p LIMIT 100000,100000,OK,128,133,16623.85
591,MATCH (?x1)=[ALL SHORTEST ?p (:P31/(:P279)*)]=>(Q860861) RETURN ?p LIMIT 100000,100000,OK,168,174,16623.85
592,MATCH (?x1)=[ALL SHORTEST ?p (:P31/(:P279)*)]=>(Q863404) RETURN ?p LIMIT 100000,46181,OK,110,116,16623.85
593,MATCH (?x1)=[ALL SHORTEST ?p (:P31/(:P279)*)]=>(Q871419) RETURN ?p LIMIT 100000,104,OK,1,4,16623.85
594,MATCH (?x1)=[ALL SHORTEST ?p (:P31/(:P279)*)]=>(Q87167) RETURN ?p LIMIT 100000,13356,OK,21,24,16623.85
595,MATCH (?x1)=[ALL SHORTEST ?p (:P31/(:P279)*)]=>(Q879050) RETURN ?p LIMIT 100000,15016,OK,25,29,16623.85
596,MATCH (?x1)=[ALL SHORTEST ?p (:P31/(:P279)*)]=>(Q9081) RETURN ?p LIMIT 100000,100000,OK,312,321,16623.85
597,MATCH (?x1)=[ALL SHORTEST ?p (:P31/(:P279)*)]=>(Q95074) RETURN ?p LIMIT 100000,100000,OK,181,188,16625.85
598,MATCH (?x1)=[ALL SHORTEST ?p (:P31/(:P279)*)]=>(Q959309) RETURN ?p LIMIT 100000,1605,OK,3,6,16625.85
599,MATCH (?x1)=[ALL SHORTEST ?p (:P31/(:P279)*)]=>(P580) RETURN ?p LIMIT 100000,0,OK,1,4,16625.85
600,MATCH (?x1)=[ALL SHORTEST ?p (:P31/(:P279)*)]=>(?x2) RETURN ?p LIMIT 100000,100000,OK,410,422,16625.85
601,MATCH (?x1)=[ALL SHORTEST ?p (:P31/(:P279)+)]=>(Q1190554) RETURN ?p LIMIT 100000,100000,OK,175,181,16625.85
602,MATCH (?x1)=[ALL SHORTEST ?p (:P31/(:P279)+)]=>(Q16970) RETURN ?p LIMIT 100000,100000,OK,196,203,16625.85
603,MATCH (?x1)=[ALL SHORTEST ?p (:P31/(:P279)+)]=>(Q2095) RETURN ?p LIMIT 100000,18721,OK,110,114,16625.85
604,MATCH (?x1)=[ALL SHORTEST ?p (:P31/(:P279)+)]=>(Q82794) RETURN ?p LIMIT 100000,100000,OK,175,182,16625.85
605,MATCH (?x1)=[ALL SHORTEST ?p (:P31/(:P279)+)]=>(?x2) RETURN ?p LIMIT 100000,100000,OK,200,208,16625.85
606,MATCH (?x1)=[ALL SHORTEST ?p (:P31/(:P279)?)]=>(Q46169) RETURN ?p LIMIT 100000,3206,OK,6,10,16625.85
607,MATCH (?x1)=[ALL SHORTEST ?p (:P31/(:P279)?)]=>(Q5) RETURN ?p LIMIT 100000,100000,OK,119,125,16625.85
608,MATCH (?x1)=[ALL SHORTEST ?p (:P31/(:P31)*)]=>(Q16521) RETURN ?p LIMIT 100000,100000,OK,130,136,16626.11
609,MATCH (?x1)=[ALL SHORTEST ?p (:P31/:P279)]=>(Q1030034) RETURN ?p LIMIT 100000,83089,OK,158,165,16626.11
610,MATCH (?x1)=[ALL SHORTEST ?p (:P31/:P279)]=>(Q10864048) RETURN ?p LIMIT 100000,4536,OK,10,14,16626.11
611,MATCH (?x1)=[ALL SHORTEST ?p (:P31/:P279)]=>(Q16521) RETURN ?p LIMIT 100000,100000,OK,191,198,16626.11
612,MATCH (?x1)=[ALL SHORTEST ?p (:P31/:P279)]=>(Q18918145) RETURN ?p LIMIT 100000,100000,OK,196,203,16626.11
613,MATCH (?x1)=[ALL SHORTEST ?p (:P31/:P279)]=>(Q19847637) RETURN ?p LIMIT 100000,1778,OK,3,6,16626.11
614,MATCH (?x1)=[ALL SHORTEST ?p (:P31/:P279)]=>(Q29637965) RETURN ?p LIMIT 100000,0,OK,1,4,16626.11
615,MATCH (?x1)=[ALL SHORTEST ?p (:P31/:P279)]=>(Q33506) RETURN ?p LIMIT 100000,7641,OK,13,16,16626.11
616,MATCH (?x1)=[ALL SHORTEST ?p (:P31/:P279)]=>(Q486972) RETURN ?p LIMIT 100000,100000,OK,187,194,16626.11
617,MATCH (?x1)=[ALL SHORTEST ?p (:P31/:P279)]=>(Q515) RETURN ?p LIMIT 100000,19802,OK,34,38,16626.11
618,MATCH (?x1)=[ALL SHORTEST ?p (:P31/:P279)]=>(Q838948) RETURN ?p LIMIT 100000,50224,OK,93,98,16626.11
619,MATCH (?x1)=[ALL SHORTEST ?p (:P31/:P279)]=>(Q879050) RETURN ?p LIMIT 100000,4890,OK,13,17,16554.58
620,MATCH (?x1)=[ALL SHORTEST ?p (:P31/:P279)]=>(?x2) RETURN ?p LIMIT 100000,100000,OK,166,172,16554.58
621,MATCH (?x1)=[ALL SHORTEST ?p (:P31/:P31)]=>(?x2) RETURN ?p LIMIT 100000,100000,OK,595,603,16554.58
622,MATCH (?x1)=[ALL SHORTEST ?p (:P31/:P373)]=>(?x2) RETURN ?p LIMIT 100000,1,OK,12,15,16554.58
623,MATCH (?x1)=[ALL SHORTEST ?p (:P31|(:P279)*)]=>(Q486972) RETURN ?p LIMIT 100000,100000,OK,149,155,16502.06
624,MATCH (?x1)=[ALL SHORTEST ?p (:P31|(:P31/(:P279)*))]=>(Q515) RETURN ?p LIMIT 100000,29368,OK,51,55,16502.06
625,MATCH (?x1)=[ALL SHORTEST ?p (:P31|(:P31/(:P279)*))]=>(Q5) RETURN ?p LIMIT 100000,100000,OK,113,118,16502.06
626,MATCH (?x1)=[ALL SHORTEST ?p (:P31|(:P31/:P279))]=>(Q879050) RETURN ?p LIMIT 100000,14028,OK,23,27,16502.06
627,MATCH (?x1)=[ALL SHORTEST ?p (:P31|:P279)]=>(Q413) RETURN ?p LIMIT 100000,78,OK,1,4,16502.06
628,MATCH (?x1)=[ALL SHORTEST ?p (:P31|:P279)]=>(Q845739) RETURN ?p LIMIT 100000,31,OK,1,4,16502.06
629,MATCH (?x1)=[ALL SHORTEST ?p (:P31|:P279)]=>(?x2) RETURN ?p LIMIT 100000,100000,OK,270,277,16502.06
630,MATCH (?x1)=[ALL SHORTEST ?p (:P361)*]=>(Q12585) RETURN ?p LIMIT 100000,331,OK,188,191,16502.06
631,MATCH (?x1)=[ALL SHORTEST ?p (:P361)*]=>(Q660519) RETURN ?p LIMIT 100000,16,OK,7,10,16502.06
632,MATCH (?x1)=[ALL SHORTEST ?p (:P361)*]=>(?x2) RETURN ?p LIMIT 100000,100000,OK,1048,1057,16510.06
633,MATCH (?x1)=[ALL SHORTEST ?p (:P361)+]=>(Q5867051) RETURN ?p LIMIT 100000,61,OK,93,96,16510.06
634,MATCH (?x1)=[ALL SHORTEST ?p (:P361)+]=>(?x2) RETURN ?p LIMIT 100000,100000,OK,522,533,16512.06
635,MATCH (?x1)=[ALL SHORTEST ?p (:P37/:P218)]=>(?x2) RETURN ?p LIMIT 100000,0,OK,41,44,16512.06
636,MATCH (?x1)=[ALL SHORTEST ?p (:P39)*]=>(Q2407022) RETURN ?p LIMIT 100000,8,OK,32,35,16512.06
637,MATCH (?x1)=[ALL SHORTEST ?p (:P39)*]=>(Q30461) RETURN ?p LIMIT 100000,5355,OK,82,86,16514.06
638,MATCH (?x1)=[ALL SHORTEST ?p (:P403)*]=>(Q203862) RETURN ?p LIMIT 100000,140,OK,18,22,16514.06
639,MATCH (?x1)=[ALL SHORTEST ?p (:P40)*]=>(Q390192) RETURN ?p LIMIT 100000,74692,OK,890,914,16514.06
640,MATCH (?x1)=[ALL SHORTEST ?p (:P40)*]=>(Q719846) RETURN ?p LIMIT 100000,2291,OK,22,27,16514.06
641,MATCH (?x1)=[ALL SHORTEST ?p (:P40)*]=>(Q748955) RETURN ?p LIMIT 100000,99834,OK,1015,1045,16514.06
642,MATCH (?x1)=[ALL SHORTEST ?p (:P40)+]=>(Q390192) RETURN ?p LIMIT 100000,74691,OK,852,877,16514.06
643,MATCH (?x1)=[ALL SHORTEST ?p (:P40)+]=>(Q748955) RETURN ?p LIMIT 100000,99833,OK,1112,1143,16514.06
644,MATCH (?x1)=[ALL SHORTEST ?p (:P40)+]=>(?x1) RETURN ?p LIMIT 100000,0,TIMEOUT,-1,-1,16534.3
645,MATCH (?x1)=[ALL SHORTEST ?p (:P425|:P101)]=>(?x2) RETURN ?p LIMIT 100000,100000,OK,360,368,16534.3
646,MATCH (?x1)=[ALL SHORTEST ?p (:P50|:P86)]=>(?x2) RETURN ?p LIMIT 100000,100000,OK,387,395,16534.3
647,MATCH (?x1)=[ALL SHORTEST ?p (:P61|:P170)]=>(?x2) RETURN ?p LIMIT 100000,100000,OK,446,454,16536.3
648,MATCH (?x1)=[ALL SHORTEST ?p (:P641)*]=>(Q3609) RETURN ?p LIMIT 100000,47609,OK,209,215,16538.3
649,MATCH (?x1)=[ALL SHORTEST ?p (:P650)*]=>(?x2) RETURN ?p LIMIT 100000,0,OK,12,15,16538.3
650,MATCH (?x1)=[ALL SHORTEST ?p (:P740/(:P131)*)]=>(Q25) RETURN ?p LIMIT 100000,211,OK,111,115,16538.3
651,MATCH (?x1)=[ALL SHORTEST ?p (:P910/:P31)]=>(Q4167836) RETURN ?p LIMIT 100000,100000,OK,5165,5173,16941.7
652,MATCH (?x1)=[ALL SHORTEST ?p (:P921)*]=>(?x2) RETURN ?p LIMIT 100000,100000,OK,3419,3426,16951.7
653,MATCH (?x1)=[ALL SHORTEST ?p (^:P171/:P225)]=>(?x2) RETURN ?p LIMIT 100000,258,OK,223,228,16951.7
654,MATCH (?x1)=[ALL SHORTEST ?p (^:P171/:P31)]=>(?x2) RETURN ?p LIMIT 100000,0,TIMEOUT,-1,-1,17017.7
655,MATCH (?x1)=[ALL SHORTEST ?p ^((:P22|:P25))+]=>(Q390192) RETURN ?p LIMIT 100000,74068,OK,1155,1179,17021.7
656,MATCH (?x1)=[ALL SHORTEST ?p ^((:P22|:P25))+]=>(Q748955) RETURN ?p LIMIT 100000,95538,OK,1026,1055,17021.7
657,MATCH (?x1)=[ALL SHORTEST ?p ^((:P25|:P22))+]=>(Q390192) RETURN ?p LIMIT 100000,74068,OK,861,885,17021.7
658,MATCH (?x1)=[ALL SHORTEST ?p ^((:P25|:P22))+]=>(Q748955) RETURN ?p LIMIT 100000,95538,OK,1091,1119,17021.7
659,MATCH (?x1)=[ALL SHORTEST ?p ^:P50]=>(?x2) RETURN ?p LIMIT 100000,100000,OK,175,181,17021.7
